日付,開催,天 気,R,レース名,映 像,頭 数,枠 番,馬 番,オ ッ ズ,人 気,着 順,騎手,斤 量,距離,馬 場,馬場 指数,タイム,着差,ﾀｲﾑ 指数,通過,ペース,上り,馬体重,厩舎 ｺﾒﾝﾄ,備考,勝ち馬 (2着馬),賞金
2021/07/18,1函館6,晴,11,函館記念(G3),,16,7,13,22.1,9.0,13,大野拓弥,54,芝2000,良,**,2:00.2,1.5,**,16-16-15-14,34.4-36.0,35.8,448(-8),,,トーセンスーリヤ,
2021/02/20,1東京7,晴,11,ダイヤモンドS(G3),,16,6,12,97.8,15.0,13,大野拓弥,54,芝3400,良,**,3:34.1,2.9,**,7-10-11-14,38.2-35.1,36.9,456(+2),,,グロンディオーズ,
2021/01/17,1中京6,晴,11,日経新春杯(G2),,16,6,12,84.3,12.0,8,大野拓弥,54,芝2200,良,**,2:12.6,0.8,**,10-10-9-7,35.3-35.7,35.9,454(+8),,,ショウリュウイクゾ,
2020/11/15,3福島6,晴,11,福島記念(G3),,16,3,5,18.5,9.0,6,大野拓弥,54,芝2000,良,**,2:00.1,0.5,**,12-12-11-12,35.7-36.5,35.1,446(-4),,,バイオスパーク,
2020/08/29,2札幌5,小雨,11,オホーツクS(3勝クラス),,16,3,6,25.1,8.0,1,大野拓弥,57,芝2000,良,**,2:01.5,0.0,**,11-11-9-8,36.0-36.5,35.8,450(+2),,,(ドンアルゴス),1854.3
2020/07/11,2函館3,曇,11,五稜郭S(3勝クラス),,9,6,6,41.8,9.0,2,大野拓弥,57,芝2000,良,**,2:01.1,0.0,**,7-7-6-4,37.0-35.2,34.6,448(+2),,,ナイママ,735.4
2020/05/10,2東京6,晴,9,緑風S(3勝クラス),,16,8,15,67.3,12.0,14,原田和真,54,芝2400,良,**,2:25.5,1.7,**,9-10-10-10,37.2-34.8,35.1,446(+2),,,ゴールドギア,
2020/04/19,1福島4,曇,12,奥の細道特別(2勝クラス),,12,8,11,28.2,9.0,1,菅原明良,57,芝2600,重,**,2:44.4,-0.2,**,10-10-10-7,36.6-38.8,37.6,444(0),,,(ウインレーヴドール),1527.3
2020/02/01,1小倉5,晴,11,海の中道特別(2勝クラス),,13,2,2,14.9,7.0,10,原田和真,57,芝2600,稍,**,2:46.1,2.8,**,9-9-11-9,36.6-37.3,39.0,444(+2),,,トーホウアルテミス,
2020/01/19,1小倉2,曇,12,呼子特別(1勝クラス),,14,3,4,13.6,7.0,1,原田和真,57,芝2600,重,**,2:43.6,0.0,**,12-12-2-2,37.1-38.5,38.2,442(-6),,,(ピエナアラシ),1096.4
2019/12/15,5中山6,晴,12,3歳以上1勝クラス,,18,6,11,7.7,3.0,6,田辺裕信,57,芝2200,良,**,2:16.0,0.5,**,11-11-8-6,36.8-35.5,35.2,448(+10),,,マイネルステレール,
2019/09/21,4中山6,曇,6,3歳以上1勝クラス,,13,4,5,4.6,3.0,9,武豊,57,芝2200,良,**,2:15.4,0.6,**,11-11-11-10,38.5-34.6,34.2,438(0),,,ヴァイスブリッツ,
2019/08/31,2札幌5,曇,8,3歳以上1勝クラス,,16,4,7,2.8,1.0,3,ルメール,57,芝2000,稍,**,2:04.0,0.4,**,11-11-7-6,36.7-37.5,37.3,438(-2),,,ブラヴァス,190.0
2019/05/04,2東京5,晴,5,4歳以上500万下,,7,7,7,1.6,1.0,6,田辺裕信,57,芝2400,良,**,2:30.4,1.5,**,3-3-3-4,38.9-34.2,35.4,440(-10),,,タンタフエルサ,
2019/02/17,1東京8,晴,7,4歳以上500万下,,14,8,13,8.0,5.0,2,武豊,56,芝2400,良,**,2:26.1,0.2,**,11-10-9-10,37.0-34.5,34.0,450(+12),,,カヴァル,300.0
2018/05/05,2東京5,晴,11,プリンシパルS(OP),,14,4,5,30.6,9.0,6,北村宏司,56,芝2000,良,**,1:58.7,0.5,**,12-12-10,35.3-35.1,34.2,438(+2),,,コズミックフォース,
2018/04/15,3中山8,曇,4,3歳未勝利,,18,2,3,2.0,1.0,1,武豊,56,芝2200,稍,**,2:15.5,-0.3,**,12-12-8-6,36.1-36.1,35.4,436(-2),,,(アルビオリクス),500.0
2018/02/12,1東京6,晴,4,3歳未勝利,,16,2,3,10.9,6.0,2,吉田隼人,56,芝2400,良,**,2:30.2,0.0,**,11-12-12-14,38.4-35.3,34.5,438(-2),,,トラストケンシン,200.0
2018/01/21,1中山7,晴,5,3歳未勝利,,16,3,6,8.7,4.0,2,吉田隼人,56,芝2200,良,**,2:16.4,0.3,**,10-10-12-10,37.8-36.3,35.8,440(0),,,マイネルキラメキ,200.0
2018/01/06,1中山1,晴,5,3歳未勝利,,16,1,2,40.3,8.0,3,吉田隼人,56,芝2000,良,**,2:02.4,0.7,**,15-15-16-15,36.5-36.0,35.5,440(+4),,,クリッパー,130.0
2017/11/12,5東京4,晴,1,2歳未勝利,,10,7,8,6.1,4.0,6,田辺裕信,55,芝2000,良,**,2:04.1,0.7,**,6-6-6,37.5-34.3,34.4,436(+2),,,タイプムーン,
2017/10/22,4東京7,雨,2,2歳未勝利,,11,8,10,8.7,6.0,4,北村宏司,55,芝2000,不,**,2:09.5,1.3,**,7-8-8,38.7-38.0,38.3,434(-2),,,カフジバンガード,75.0
2017/08/19,2新潟7,曇,5,2歳新馬,,12,6,7,28.5,8.0,3,北村宏司,54,芝2000,良,**,2:04.4,0.4,**,6-6-5-6,37.6-35.2,35.1,436(0),,,ノーブルバルカン,180.0
2021/07/31,1函館9,晴,9,八甲田山特別(1勝クラス),,14,3,4,44.3,9.0,13,藤岡佑介,57,芝2600,良,**,2:43.7,2.5,**,12-11-11-12,37.6-36.4,38.1,478(0),,,アルバーシャ,
2021/06/27,1札幌6,晴,7,3歳以上1勝クラス,,14,7,11,19.4,6.0,6,西谷凜,54,芝2600,良,**,2:40.9,1.3,**,13-13-13-12,36.4-36.3,36.5,478(+4),,,グローリアスサルム,
2021/06/12,1札幌1,晴,10,積丹特別(1勝クラス),,8,6,6,14.7,5.0,5,西谷凜,57,芝2600,良,**,2:46.7,0.5,**,5-5-4-3,41.2-34.4,34.4,474(-8),,,ナックイルシーブ,106.0
2020/02/16,1小倉10,小雨,6,4歳以上1勝クラス,,12,7,10,2.4,1.0,2,古川吉洋,57,芝2600,重,**,2:47.3,0.6,**,6-7-2-2,38.4-37.5,37.9,482(+4),,,ツクバソヴァール,300.0
2020/01/19,1小倉2,曇,12,呼子特別(1勝クラス),,14,5,7,9.4,5.0,2,古川吉洋,57,芝2600,重,**,2:43.6,0.0,**,9-8-6-3,37.1-38.5,38.0,478(-6),,,ワセダインブルー,430.4
2019/12/21,5阪神7,曇,7,3歳以上1勝クラス,,16,6,11,15.1,7.0,5,古川吉洋,57,芝2600,良,**,2:40.1,1.2,**,12-12-13-12,36.8-34.6,34.7,484(0),,,ゴースト,75.0
2019/11/17,3福島6,晴,8,3歳以上1勝クラス,,16,8,16,16.9,8.0,3,酒井学,57,芝2600,良,**,2:41.8,0.4,**,11-11-7-6,37.1-37.8,36.5,484(-10),,,ノーチカルチャート,190.0
2019/10/26,3新潟5,曇,10,萬代橋特別(1勝クラス),,10,5,5,17.0,7.0,7,秋山真一,57,芝2400,稍,**,2:29.7,0.7,**,10-10-9-10,37.4-36.7,36.4,494(+12),,,ピッツィカート,
2018/04/22,3京都2,晴,9,比良山特別(1000万下),,9,1,1,10.9,5.0,7,古川吉洋,54,芝2200,良,**,2:14.6,0.8,**,5-5-8-8,37.7-34.5,34.6,482(+6),,,ベイビーステップ,
2018/03/24,2中京5,晴,7,4歳以上500万下,,17,8,17,11.1,5.0,1,古川吉洋,56,芝2200,稍,**,2:16.3,-0.1,**,16-16-14-14,36.4-36.3,35.3,476(0),,,(タガノヤグラ),750.0
2018/03/03,1小倉7,曇,10,呼子特別(500万下),,12,3,3,5.4,3.0,4,幸英明,56,芝2600,良,**,2:39.3,0.5,**,8-8-5-2,35.8-37.1,37.0,476(0),,,シャインブライト,160.0
2018/02/13,1小倉2,曇,6,4歳以上500万下,,16,2,4,6.9,4.0,3,古川吉洋,56,芝2600,稍,**,2:39.7,0.5,**,3-3-3-3,35.8-35.9,36.1,476(0),,,マコトガラハッド,190.0
2018/01/14,1中京2,晴,12,金山特別(500万下),,18,2,3,22.2,6.0,3,古川吉洋,56,芝2200,良,**,2:14.6,0.3,**,10-9-8-6,36.0-35.5,35.3,476(+4),,,コールストーム,266.9
2017/12/23,5阪神7,晴,7,3歳以上500万下,,17,8,15,96.8,15.0,4,古川吉洋,55,芝2600,良,**,2:40.2,0.4,**,14-14-12-12,35.8-34.9,34.6,472(-11),,,スプマンテ,110.0
2017/11/13,名古屋,晴,4,C7組,,9,6,6,4.2,3.0,1,戸部尚実,56,ダ1400,稍,**,1:30.2,-0.2,**,4-4-4,,37.5,483(0),,,(エスタシオン),20.0
2017/10/26,名古屋,晴,3,3歳12組,,10,7,7,4.2,3.0,1,戸部尚実,56,ダ1400,重,**,1:29.8,0.0,**,3-3-2,,38.3,483(+5),,,(エスペレラヴニール),25.0
2017/09/17,4阪神4,曇,4,3歳未勝利,,16,6,11,27.4,8.0,9,菱田裕二,56,ダ1800,重,**,1:56.4,1.3,**,12-12-15-10,38.5-37.1,37.5,478(-4),,,スズカマイゲスト,
2017/08/12,1札幌5,雨,6,3歳未勝利,,16,2,3,53.9,10.0,8,菱田裕二,56,芝2000,重,**,2:05.1,0.4,**,14-14-12-7,35.0-38.2,37.4,482(+18),,,シンデン,
2017/04/16,2阪神8,晴,5,3歳未勝利,,18,7,15,11.8,6.0,6,菱田裕二,56,芝2200,良,**,2:14.9,0.4,**,8-9-6-5,34.7-36.6,36.5,464(-2),,,コールストーム,
2017/04/01,2阪神3,曇,4,3歳未勝利,,16,5,9,16.0,7.0,6,幸英明,56,芝2400,稍,**,2:29.5,0.6,**,15-15-14-13,37.1-36.4,35.9,466(-8),,,ハギノアレス,
2017/03/12,1阪神6,晴,4,3歳未勝利,,15,7,13,55.7,10.0,3,幸英明,56,芝2200,良,**,2:15.3,0.1,**,8-8-8-8,35.1-36.3,35.5,474(-2),,,タガノシャルドネ,130.0
2017/02/19,1小倉4,晴,5,3歳新馬,,18,8,17,37.7,13.0,7,菱田裕二,56,芝2000,良,**,2:03.7,1.4,**,7-8-2-2,35.6-35.8,37.2,476(0),,,シェアザモーメント,
2021/04/18,3中山8,晴,12,サンシャインS(3勝クラス),,11,2,2,22.2,7.0,10,江田照男,51,芝2500,稍,**,2:38.2,2.8,**,1-1-1-5,29.8-36.8,39.6,468(+4),,,アドマイヤポラリス,
2021/03/28,2阪神2,雨,10,御堂筋S(3勝クラス),,14,3,4,21.8,7.0,13,富田暁,55,芝2400,稍,**,2:30.4,3.4,**,3-3-4-4,36.6-36.5,39.6,464(-2),,,ディアマンミノル,
2020/12/20,3中京6,晴,12,尾張特別(2勝クラス),,11,8,11,51.4,9.0,1,津村明秀,55,芝2200,良,**,2:15.1,-1.4,**,1-1-1-1,36.3-36.7,36.7,466(-2),,,(ハーツイストワール),1524.5
2020/12/05,6阪神1,晴,8,3歳以上2勝クラス,,8,3,3,12.7,6.0,7,幸英明,55,芝2000,良,**,2:02.1,1.1,**,4-4-3-3,37.1-35.3,36.1,468(+4),,,ミトノマルーン,
2020/11/07,3福島3,曇,12,土湯温泉特別(2勝クラス),,16,3,5,15.5,5.0,3,西村淳也,52,芝2600,良,**,2:44.3,0.5,**,1-1-2-1,39.8-35.5,35.8,464(+6),,,ウインキートス,385.0
2020/09/26,4中山6,小雨,10,九十九里特別(2勝クラス),,12,5,5,31.5,8.0,6,横山典弘,55,芝2500,稍,**,2:36.6,1.6,**,3-3-4-6,30.9-37.4,38.3,458(+2),,,ダノングロワール,
2020/09/13,4中山2,曇,9,白井特別(2勝クラス),,9,7,7,48.6,8.0,3,坂井瑠星,55,芝1800,良,**,1:49.7,0.1,**,1-1-1-1,37.8-35.5,35.6,456(+4),,,デクレアラー,382.8
2020/08/29,2小倉5,晴,10,西海賞(2勝クラス),,16,5,9,44.2,11.0,11,小崎綾也,55,芝2000,良,**,2:01.4,1.1,**,12-13-15-16,37.0-35.6,35.1,452(-2),,,フィオリキアリ,
2020/07/26,1札幌2,晴,9,HTB賞(2勝クラス),,10,5,5,25.5,7.0,7,亀田温心,55,芝2000,良,**,2:02.6,1.3,**,5-5-4-6,36.9-35.1,36.3,454(-4),,,レッドアルマーダ,
2020/07/12,2函館4,曇,10,横津岳特別(2勝クラス),,13,5,7,33.1,8.0,9,亀田温心,55,芝2600,良,**,2:43.6,0.9,**,3-3-5-5,37.2-35.7,36.0,458(0),,,シンボ,
2020/06/21,3阪神6,晴,9,鷹取特別(2勝クラス),,15,1,1,17.8,6.0,15,西村淳也,55,ダ2000,稍,**,2:10.0,4.4,**,7-7-12-15,36.3-36.6,39.6,458(+10),,,シャンパンクーペ,
2020/04/19,1福島4,曇,12,奥の細道特別(2勝クラス),,12,1,1,5.8,4.0,6,西村淳也,55,芝2600,重,**,2:46.2,1.8,**,1-1-1-1,36.6-38.8,40.6,448(-12),,,ワセダインブルー,
2020/02/23,1小倉12,晴,12,皿倉山特別(2勝クラス),,12,2,2,4.2,2.0,2,西村淳也,52,芝2600,良,**,2:43.3,0.2,**,5-3-4-3,38.5-37.5,37.4,460(+10),,,シャイニーゲール,607.6
2020/02/02,1小倉6,晴,9,4歳以上1勝クラス,,8,5,5,2.1,1.0,1,西村淳也,53,芝2600,稍,**,2:45.4,-1.1,**,2-2-2-2,36.8-38.4,38.2,450(0),,,(ロビンズソング),760.0
2020/01/19,1小倉2,曇,12,呼子特別(1勝クラス),,14,4,5,7.4,4.0,3,西村淳也,54,芝2600,重,**,2:44.2,0.6,**,9-10-6-6,37.1-38.5,38.6,450(-10),,,ワセダインブルー,275.2
2019/11/17,3福島6,晴,8,3歳以上1勝クラス,,16,5,9,16.9,7.0,6,横山武史,52,芝2600,良,**,2:42.3,0.9,**,2-2-2-2,37.1-37.8,38.4,460(+2),,,ノーチカルチャート,
2019/11/02,3福島1,晴,10,磐梯山特別(1勝クラス),,13,8,12,7.1,3.0,8,横山武史,53,芝2600,良,**,2:40.3,1.3,**,2-2-2-1,36.7-36.6,37.9,458(0),,,リードザフィールド,
2019/09/01,2小倉12,曇,12,3歳以上1勝クラス,,16,1,2,13.0,6.0,2,小崎綾也,52,芝2600,重,**,2:44.5,0.5,**,1-1-1-1,37.6-36.6,37.1,458(0),,,バイマイサイド,300.0
2019/08/18,2小倉8,曇,3,3歳未勝利,,16,6,11,16.2,5.0,1,小崎綾也,54,芝2600,良,**,2:43.8,-0.4,**,3-3-2-2,37.5-37.3,37.1,458(+2),,,(テメノス),500.0
2019/07/13,3中京5,曇,2,3歳未勝利,,16,2,4,47.0,8.0,11,小崎綾也,54,ダ1900,重,**,2:03.2,2.9,**,7-7-7-8,29.8-38.6,40.8,456(-8),,,スキッピングロック,
2019/06/15,3阪神5,曇,6,3歳未勝利,,13,6,11,17.7,6.0,5,小崎綾也,54,芝2400,稍,**,2:30.9,2.1,**,7-7-6-6,37.1-36.9,38.3,464(0),,,メロディーレーン,50.0
2019/06/01,3阪神1,晴,6,3歳未勝利,,13,7,11,30.3,9.0,5,小崎綾也,54,芝2600,良,**,2:42.8,1.7,**,11-11-10-9,36.2-36.1,36.8,464(0),,,シャイニープレット,50.0
2022/12/28,6阪神9,晴,4,障害3歳以上未勝利,,9,5,5,26.4,7.0,5,黒岩悠,60,障2970,良,,3:24.8,0.7,,6-6-5-6,107.0-39.2,13.8,482(-2),,,イベリア,79.0
2022/10/08,4阪神1,曇,4,障害3歳以上未勝利,,7,7,7,9.0,4.0,5,黒岩悠,60,障2970,稍,,3:27.3,3.3,,5-5-7-7,108.0-40.0,14.0,484(+10),,,プリンスオブペスカ,79.0
2022/04/30,2阪神11,晴,12,4歳以上2勝クラス,,11,4,4,50.2,9.0,10,藤懸貴志,57,ダ1800,稍,**,1:54.4,1.3,**,9-9-8-8,38.5-36.5,36.9,474(-2),,,テイエムベンチャー,
2022/04/09,3中山5,晴,9,印西特別(2勝クラス),,16,1,2,72.9,13.0,16,津村明秀,54,ダ2400,良,**,2:39.0,4.2,**,4-5-3-5,38.7-38.9,42.8,476(+4),,,フィストバンプ,
2021/12/18,5中山5,晴,10,香取特別(2勝クラス),,16,7,14,47.3,9.0,8,菅原明良,54,ダ2400,稍,**,2:36.2,1.9,**,10-10-12-12,38.4-38.5,39.5,472(+4),,,グロリアムンディ,
2021/10/17,5新潟4,曇,4,3歳以上1勝クラス,,9,8,8,7.7,5.0,1,小沢大仁,54,ダ2500,不,**,2:39.7,-0.2,**,2-2-2-1,31.5-37.5,37.4,468(-8),,,(ローズボウル),760.0
2021/09/05,2札幌8,晴,7,3歳以上1勝クラス,,14,4,6,3.6,2.0,4,小沢大仁,54,ダ1700,稍,**,1:46.2,0.9,**,11-11-9-9,29.9-38.4,38.2,476(+4),,,エクレルシー,110.0
2021/08/22,2札幌4,晴,7,3歳以上1勝クラス,,14,8,13,26.4,8.0,2,小沢大仁,54,ダ1700,良,**,1:47.5,0.0,**,6-6-2-3,30.6-37.2,37.1,472(-2),,,タイキドミニオン,300.0
2021/07/17,1函館5,晴,9,3歳以上1勝クラス,,16,7,14,44.2,12.0,15,小沢大仁,54,芝2600,良,**,2:43.9,2.3,**,7-7-9-15,36.1-37.8,39.2,474(-6),,,タイセイドリーマー,
2021/07/04,1函館2,曇,7,3歳以上1勝クラス,,12,8,12,24.7,8.0,2,小沢大仁,54,ダ2400,良,**,2:35.3,0.4,**,1-1-1-1,38.0-39.0,39.4,480(+10),,,スーパーフェイバー,300.0
2021/06/13,1札幌2,晴,8,3歳以上1勝クラス,,14,4,5,11.7,6.0,7,亀田温心,56,ダ1700,良,**,1:48.2,2.1,**,6-6-6-6,30.3-38.5,39.9,470(-6),,,サトノロイヤル,
2021/05/09,3中京2,晴,8,4歳以上1勝クラス,,8,5,5,3.1,1.0,3,松若風馬,57,ダ1800,稍,**,1:54.4,1.5,**,7-7-7-6,36.6-38.4,39.0,476(-4),,,シャイニングデイズ,190.0
2021/04/17,2阪神7,雨,7,4歳以上1勝クラス,,13,2,2,4.0,3.0,4,松若風馬,57,ダ1800,不,**,1:52.0,2.1,**,9-7-6-6,36.3-37.6,37.7,480(-4),,,スズカパンサー,110.0
2021/02/13,1阪神1,晴,7,4歳以上1勝クラス,,10,4,4,6.4,5.0,2,松若風馬,57,ダ1800,良,**,1:53.8,1.0,**,7-7-6-4,37.9-38.2,38.5,484(+4),,,セロシア,300.0
2021/01/31,1中京10,晴,8,4歳以上1勝クラス,,10,5,5,14.4,6.0,4,松若風馬,57,ダ1800,稍,**,1:54.5,0.8,**,8-8-10-9,38.2-37.5,37.1,480(0),,,エスピリトゥオーゾ,110.0
2021/01/17,1小倉2,晴,10,呼子特別(1勝クラス),,16,2,4,27.2,8.0,14,亀田温心,57,芝2600,良,**,2:41.8,2.7,**,16-16-5-6,36.6-35.6,37.9,480(-16),,,エヒト,
2020/12/19,3中京5,晴,9,3歳以上1勝クラス,,18,8,18,102.9,11.0,11,亀田温心,56,芝2200,良,**,2:16.4,1.6,**,4-4-5-6,35.6-36.1,37.2,496(+16),,,エフティイーリス,
2020/06/13,3阪神3,雨,9,甲武特別(1勝クラス),,10,7,8,11.1,6.0,9,松若風馬,57,芝2400,稍,**,2:30.8,3.1,**,6-6-6-6,37.2-36.6,39.1,480(+8),,,ヒートオンビート,
2020/02/16,1小倉10,小雨,6,4歳以上1勝クラス,,12,7,9,4.9,2.0,4,松若風馬,57,芝2600,重,**,2:47.9,1.2,**,1-1-4-3,38.4-37.5,38.4,472(-6),,,ツクバソヴァール,110.0
2020/01/19,1小倉2,曇,12,呼子特別(1勝クラス),,14,8,13,6.9,3.0,4,松若風馬,57,芝2600,重,**,2:44.9,1.3,**,2-2-2-3,37.1-38.5,39.6,478(+10),,,ワセダインブルー,160.0
2019/11/30,4中京1,晴,12,長良川特別(1勝クラス),,16,2,4,5.2,2.0,8,松若風馬,57,芝2200,良,**,2:14.5,0.8,**,10-10-13-13,35.6-34.6,34.3,468(-10),,,ニューポート,
2019/11/10,5京都4,晴,7,3歳以上1勝クラス,,11,8,11,8.0,3.0,4,松若風馬,57,芝2400,良,**,2:27.9,0.5,**,1-1-1-1,35.9-35.0,35.5,478(0),,,ショウリュウイクゾ,110.0
2019/09/28,4阪神8,曇,6,3歳以上1勝クラス,,10,4,4,5.5,3.0,2,松若風馬,57,芝2600,良,**,2:37.5,0.4,**,1-1-1-1,35.8-35.8,36.2,478(-8),,,メロディーレーン,300.0
2019/09/01,2小倉12,曇,12,3歳以上1勝クラス,,16,7,13,7.7,5.0,5,秋山真一,57,芝2600,重,**,2:45.2,1.2,**,11-11-10-7,37.6-36.6,37.0,486(+12),,,バイマイサイド,75.0
2019/05/05,3京都6,晴,8,4歳以上500万下,,10,7,7,4.7,3.0,4,松山弘平,57,芝2400,良,**,2:24.9,1.1,**,4-4-2-2,34.7-36.4,36.5,474(-2),,,プルンクザール,110.0
2019/04/14,2阪神8,小雨,8,4歳以上500万下,,12,5,6,7.1,4.0,3,松若風馬,57,芝2200,稍,**,2:14.5,0.6,**,11-11-11-8,35.9-36.9,35.4,476(-2),,,ミスマンマミーア,190.0
2019/03/17,1阪神8,曇,7,4歳以上500万下,,13,3,3,7.7,4.0,4,松若風馬,56,芝2400,稍,**,2:30.1,0.9,**,11-11-12-10,36.6-38.2,36.7,478(0),,,エイシンクリック,110.0
2019/02/16,1小倉3,小雨,7,4歳以上500万下,,11,4,4,7.0,4.0,3,松若風馬,56,芝2600,良,**,2:41.7,0.4,**,9-9-9-9,36.9-35.8,35.4,478(-4),,,ドリームスピリット,190.0
2018/12/22,5阪神7,曇,7,3歳以上500万下,,17,7,13,64.3,10.0,7,池添謙一,55,芝2600,稍,**,2:41.8,0.7,**,12-12-11-9,35.8-36.5,36.5,482(+4),,,ナムラマル,
2018/12/02,5阪神2,晴,8,3歳以上500万下,,14,7,11,49.4,9.0,7,池添謙一,56,芝1800,良,**,1:47.5,0.8,**,7-6,35.0-34.4,34.9,478(+14),,,トゥザフロンティア,
2018/06/10,3阪神4,曇,9,生田特別(500万下),,8,7,7,16.4,5.0,5,和田竜二,53,芝2400,良,**,2:28.1,0.8,**,3-3-5-6,37.8-34.1,34.6,464(-8),,,アロマドゥルセ,105.0
2018/05/19,3京都9,晴,9,メルボルンT(500万下),,10,8,10,115.9,10.0,7,和田竜二,56,芝2200,良,**,2:16.0,1.3,**,7-6-8-6,36.7-36.5,37.4,472(+10),,,ドレーク,
2018/03/10,1阪神5,晴,9,ゆきやなぎ賞(500万下),,10,1,1,282.7,9.0,6,幸英明,56,芝2400,良,**,2:28.8,1.8,**,4-4-3-5,36.4-34.4,35.9,462(-10),,,サトノワルキューレ,
2018/02/17,2京都7,晴,9,つばき賞(500万下),,12,2,2,99.0,10.0,8,松若風馬,56,芝1800,良,**,1:50.2,1.2,**,8-8,35.2-36.7,37.2,472(+6),,,ユーキャンスマイル,
2017/11/12,5京都4,晴,9,黄菊賞(500万下),,13,1,1,59.0,10.0,9,池添謙一,55,芝2000,良,**,2:02.8,1.0,**,13-12-12-12,36.2-35.3,34.9,466(+2),,,ジュンヴァルロ,
2017/08/12,1札幌5,雨,2,2歳未勝利,,9,5,5,7.5,3.0,1,池添謙一,54,芝1800,稍,**,1:52.8,-0.2,**,2-4-5-3,38.6-37.2,36.7,464(-8),,,(ディバインブリーズ),500.0
2017/07/16,2函館4,小雨,5,2歳新馬,,9,5,5,6.2,3.0,3,池添謙一,54,芝1800,良,**,1:53.5,0.7,**,5-4-4-4,38.9-35.0,35.4,472(0),,,ディロス,180.0
2022/01/30,1東京2,曇,7,4歳以上1勝クラス,,12,1,1,79.5,10.0,12,岩田望来,57,ダ2100,良,**,2:15.4,2.6,**,10-11-12-12,31.9-36.2,37.6,504(-8),,,フジマサインパクト,
2022/01/10,1中京4,晴,7,4歳以上1勝クラス,,11,7,8,116.2,9.0,6,泉谷楓真,56,ダ1900,良,**,2:02.0,1.8,**,11-11-11-11,31.5-37.7,38.0,512(+4),,,スレイマン,
2021/12/19,6中京6,晴,3,3歳以上1勝クラス,,13,2,2,102.5,11.0,5,泉谷楓真,56,ダ1900,重,**,1:58.8,0.9,**,7-6-8-8,29.7-37.3,37.4,508(+8),,,ダッシュダクラウン,76.0
2021/12/05,5中山2,晴,7,3歳以上1勝クラス,,16,3,6,20.9,7.0,8,丸田恭介,57,ダ2500,良,**,2:44.4,1.8,**,14-14-12-11,31.5-39.2,39.7,500(0),,,カフェキング,
2021/11/13,2福島3,晴,10,磐梯山特別(1勝クラス),,14,3,3,45.4,12.0,11,泉谷楓真,57,芝2600,良,**,2:42.8,1.3,**,13-14-14-13,37.8-36.6,36.8,500(+12),,,ロワンディシー,
2021/07/31,1函館9,晴,9,八甲田山特別(1勝クラス),,14,8,13,105.6,14.0,6,坂井瑠星,57,芝2600,良,**,2:42.2,1.0,**,14-14-14-12,37.6-36.4,36.3,488(-2),,,アルバーシャ,
2021/07/17,1函館5,晴,9,3歳以上1勝クラス,,16,6,12,25.4,8.0,14,武豊,57,芝2600,良,**,2:43.0,1.4,**,16-16-15-14,36.1-37.8,37.8,490(-4),,,タイセイドリーマー,
2021/05/16,2東京8,曇,7,4歳以上1勝クラス,,8,4,4,10.0,3.0,3,吉田隼人,57,芝2400,良,**,2:27.0,0.0,**,7-7-6-8,37.1-35.9,33.6,494(-4),,,ディーグランデ,190.0
2021/03/28,2中京6,雨,7,4歳以上1勝クラス,,14,6,10,35.2,10.0,10,松山弘平,57,芝2200,稍,**,2:17.1,0.8,**,14-14-14-14,37.1-35.6,35.1,498(+12),,,タイセイモンストル,
2020/11/14,3福島5,晴,6,3歳以上1勝クラス,,16,1,2,16.1,9.0,13,菅原明良,56,芝2600,良,**,2:42.2,1.6,**,12-12-11-15,37.4-36.7,36.9,486(-12),,,ピースディオン,
2020/11/01,4京都8,晴,7,3歳以上1勝クラス,,9,7,7,16.3,6.0,8,古川吉洋,57,芝2400,良,**,2:30.6,1.4,**,9-9-9-6,38.8-35.6,36.2,498(+4),,,ナリタザクラ,
2020/09/21,2中京5,晴,9,金山特別(1勝クラス),,11,2,2,24.5,7.0,5,吉田隼人,57,芝2200,良,**,2:14.0,0.7,**,7-7-7-8,36.2-34.5,34.6,494(+2),,,ディアマンミノル,106.0
2020/07/25,2新潟1,曇,9,燕特別(1勝クラス),,16,2,3,12.6,7.0,13,Ｍ．デム,57,芝2400,良,**,2:26.6,2.0,**,15-14-5-7,35.0-35.1,36.5,492(-8),,,エンデュミオン,
2020/07/04,2福島1,曇,9,開成山特別(1勝クラス),,12,6,8,10.3,4.0,5,丸田恭介,57,芝2600,重,**,2:42.8,0.7,**,9-9-6-5,38.4-36.7,36.4,500(+6),,,リスペクト,106.0
2020/04/26,1福島6,曇,10,燧ヶ岳特別(1勝クラス),,10,5,5,3.7,2.0,2,吉田隼人,57,芝2600,良,**,2:42.3,0.9,**,10-10-7-5,37.9-35.6,35.3,494(-6),,,ウォルフズハウル,426.8
2020/02/09,1小倉8,曇,6,4歳以上1勝クラス,,11,7,8,7.7,4.0,3,西村淳也,56,芝2600,良,**,2:40.3,0.2,**,10-10-3-2,37.0-37.4,37.4,500(-4),,,サンサルドス,190.0
2020/01/19,1小倉2,曇,12,呼子特別(1勝クラス),,14,7,11,15.9,8.0,5,吉田隼人,57,芝2600,重,**,2:45.0,1.4,**,13-13-11-8,37.1-38.5,38.6,504(+14),,,ワセダインブルー,106.0
2019/11/30,4中京1,晴,12,長良川特別(1勝クラス),,16,3,5,47.2,12.0,5,丸田恭介,57,芝2200,良,**,2:14.2,0.5,**,14-14-14-15,35.6-34.6,33.9,490(-4),,,ニューポート,105.0
2019/11/10,5京都4,晴,7,3歳以上1勝クラス,,11,6,7,39.4,8.0,6,岩田望来,55,芝2400,良,**,2:28.4,1.0,**,10-10-11-11,35.9-35.0,34.8,494(+12),,,ショウリュウイクゾ,
2019/09/21,4中山6,曇,6,3歳以上1勝クラス,,13,8,12,24.4,8.0,11,戸崎圭太,57,芝2200,良,**,2:15.6,0.8,**,13-13-13-13,38.5-34.6,34.2,482(-14),,,ヴァイスブリッツ,
2019/06/15,3東京5,雨,9,稲城特別(1勝クラス),,9,3,3,12.1,4.0,8,田辺裕信,57,芝2400,不,**,2:37.1,3.2,**,9-9-7-8,39.9-35.9,38.3,496(+4),,,オセアグレイト,
2019/05/25,3京都11,晴,7,4歳以上500万下,,9,7,7,4.1,2.0,4,荻野極,57,芝2200,良,**,2:14.6,0.5,**,9-9-7-7,36.8-34.1,33.9,492(-4),,,スマートモノリス,110.0
2019/05/05,3京都6,晴,8,4歳以上500万下,,10,4,4,13.6,5.0,3,荻野極,57,芝2400,良,**,2:24.2,0.4,**,9-9-7-6,34.7-36.4,35.5,496(-2),,,プルンクザール,190.0
2019/04/14,2阪神8,小雨,8,4歳以上500万下,,12,3,3,11.1,6.0,8,荻野極,57,芝2200,稍,**,2:15.3,1.4,**,10-10-8-12,35.9-36.9,36.1,498(+4),,,ミスマンマミーア,
2019/03/02,1小倉7,曇,10,呼子特別(500万下),,12,5,6,10.3,4.0,3,荻野極,56,芝2600,良,**,2:42.4,0.9,**,10-10-10-10,37.3-35.5,35.5,494(+8),,,トロピカルストーム,264.6
2018/12/09,4中京4,晴,12,長良川特別(500万下),,15,2,3,117.3,14.0,8,富田暁,55,芝2200,良,**,2:15.1,1.3,**,11-11-14-13,35.6-35.1,35.6,486(+2),,,バレリオ,
2018/11/18,3福島6,晴,9,3歳以上500万下,,16,8,16,16.9,7.0,11,小崎綾也,55,芝2600,良,**,2:41.5,1.6,**,1-1-1-1,36.4-36.2,37.8,484(-4),,,ヒラボクビューン,
2018/08/05,1札幌4,晴,9,3歳以上500万下,,14,8,14,38.7,11.0,14,古川吉洋,54,芝2600,良,**,2:43.0,2.2,**,4-3-3-11,37.6-35.3,37.3,488(-4),,,ゼーゲン,
2018/07/14,2函館3,曇,4,3歳未勝利,,11,6,6,9.6,4.0,1,古川吉洋,56,芝2600,良,**,2:42.2,-0.3,**,2-3-3-4,38.6-36.4,36.2,492(0),,,(コシミノダンサー),500.0
2018/06/23,1函館3,晴,4,3歳未勝利,,14,8,14,10.6,5.0,5,川須栄彦,56,芝2600,良,**,2:41.1,0.8,**,9-10-7-9,37.2-35.8,35.9,492(+4),,,コマノジャスパ,50.0
2018/06/02,3阪神1,晴,7,3歳未勝利,,17,8,16,11.5,5.0,6,和田竜二,56,芝2600,良,**,2:39.7,0.7,**,10-10-4-5,34.4-35.9,36.1,488(0),,,サトノグロワール,
2018/05/12,3京都7,晴,5,3歳未勝利,,13,7,10,37.9,6.0,4,和田竜二,56,芝2200,良,**,2:15.0,0.3,**,6-6-5-4,36.2-34.1,33.9,488(-2),,,メイケイゴールド,75.0
2018/04/22,3京都2,晴,4,3歳未勝利,,18,4,7,12.2,5.0,9,松山弘平,56,芝2000,良,**,2:02.6,1.2,**,6-6-8-10,36.8-34.5,35.1,490(+4),,,アイスストーム,
2018/03/25,2阪神2,晴,5,3歳未勝利,,15,2,2,88.9,11.0,7,古川吉洋,56,芝1800,良,**,1:48.7,0.8,**,12-12,36.5-34.2,33.8,486(0),,,レーヴドリーブ,
2018/01/13,1京都4,晴,5,3歳未勝利,,16,6,12,44.7,8.0,13,小崎綾也,55,芝1800,良,**,1:52.4,1.6,**,14-13,37.5-34.6,35.1,486(+2),,,アメリカンワールド,
2017/12/23,5阪神7,晴,5,2歳新馬,,12,7,9,25.9,6.0,7,和田竜二,55,芝2000,良,**,2:06.9,0.8,**,9-11-9-9,38.8-33.7,33.8,484(0),,,キタノコマンドール,
2021/08/08,1函館12,曇,8,3歳以上1勝クラス,,16,8,15,140.7,14.0,16,永島まな,53,芝2000,良,**,2:04.7,3.0,**,2-2-10-15,35.9-37.0,39.4,458(0),,,エアサージュ,
2021/06/27,1札幌6,晴,7,3歳以上1勝クラス,,14,5,7,82.2,13.0,14,秋山稔樹,55,芝2600,良,**,2:42.9,3.3,**,8-7-14-14,36.4-36.3,38.1,458(+4),,,グローリアスサルム,
2021/06/12,1札幌1,晴,10,積丹特別(1勝クラス),,8,4,4,94.2,8.0,6,永島まな,57,芝2600,良,**,2:46.8,0.6,**,1-1-1-2,41.2-34.4,35.0,454(-6),,,ナックイルシーブ,
2021/04/24,2阪神9,晴,7,4歳以上1勝クラス,,7,4,4,20.9,5.0,6,角田大和,54,ダ2000,良,**,2:09.0,1.9,**,3-2-4-6,36.3-39.3,40.7,460(+2),,,ヒミノブルー,
2021/04/04,2阪神4,小雨,6,4歳以上1勝クラス,,12,8,11,52.7,10.0,10,永島まな,53,ダ2000,良,**,2:09.7,2.2,**,3-4-9-12,36.7-38.7,39.6,458(-2),,,エブリワンブラック,
2021/03/06,1阪神7,晴,6,4歳以上1勝クラス,,8,2,2,23.6,5.0,5,団野大成,56,ダ2000,稍,**,2:08.9,1.3,**,1-1-3-5,38.5-37.0,38.0,460(+4),,,シンゼンデレヤ,76.0
2021/02/21,1阪神4,晴,7,4歳以上1勝クラス,,11,6,6,40.6,10.0,8,富田暁,56,ダ2000,良,**,2:09.9,1.3,**,2-2-6-6,37.6-39.3,39.6,456(-2),,,エカテリンブルク,
2021/01/31,1小倉6,晴,9,4歳以上1勝クラス,,12,7,10,116.1,11.0,11,秋山稔樹,54,芝2600,良,**,2:42.8,2.4,**,2-2-5-10,36.2-36.8,38.8,458(+4),,,マイネルコロンブス,
2021/01/17,1小倉2,晴,10,呼子特別(1勝クラス),,16,7,14,81.6,13.0,16,長岡禎仁,57,芝2600,良,**,2:42.1,3.0,**,3-3-7-13,36.6-35.6,38.0,454(-6),,,エヒト,
2020/12/19,3中京5,晴,9,3歳以上1勝クラス,,18,7,14,157.7,13.0,14,長岡禎仁,57,芝2200,良,**,2:17.1,2.3,**,1-1-1-1,35.6-36.1,38.4,460(-2),,,エフティイーリス,
2020/11/01,4京都8,晴,7,3歳以上1勝クラス,,9,6,6,74.3,8.0,4,坂井瑠星,57,芝2400,良,**,2:29.9,0.7,**,1-1-1-1,38.8-35.6,36.3,462(+10),,,ナリタザクラ,110.0
2020/10/17,4新潟3,曇,6,3歳以上1勝クラス,,11,3,3,51.1,11.0,10,川又賢治,57,ダ2500,良,**,2:44.4,4.3,**,6-6-8-9,30.1-38.3,39.9,452(0),,,ウインダークローズ,
2020/09/05,2小倉7,曇,12,3歳以上1勝クラス,,12,2,2,89.8,11.0,8,富田暁,56,芝2600,良,**,2:42.8,1.3,**,1-1-1-2,37.8-36.2,37.5,452(+2),,,トウカイデュエル,
2020/08/22,2小倉3,曇,9,都井岬特別(1勝クラス),,11,8,11,236.3,11.0,11,酒井学,57,芝2000,良,**,2:03.9,4.1,**,1-1-1-5,35.1-35.7,39.8,450(-6),,,オールザワールド,
2020/07/05,4阪神2,晴,1,障害3歳以上未勝利,,10,8,10,34.8,9.0,中,小坂忠士,60,障2970,稍,,,,,,107.0-40.4,,456(+12),,,ガッツィーソート,
2020/04/25,3京都1,晴,7,4歳以上1勝クラス,,11,6,7,62.8,10.0,11,長岡禎仁,57,芝1800,良,**,1:49.9,2.5,**,2-2,35.5-34.6,36.9,444(0),,,デクレアラー,
2020/04/12,1福島2,晴,10,飯盛山特別(1勝クラス),,16,1,2,36.4,8.0,16,藤田菜七,57,芝2000,良,**,2:03.8,3.5,**,3-6-13-16,35.3-36.4,38.2,444(-2),,,マイネルウィルトス,
2020/02/09,1小倉8,曇,8,4歳以上1勝クラス,,13,6,10,11.6,8.0,11,藤田菜七,54,芝2000,良,**,2:03.3,2.1,**,2-2-4-9,35.7-37.1,38.8,446(-2),,,ブレーヴユニコーン,
2020/01/19,1小倉2,曇,12,呼子特別(1勝クラス),,14,6,9,25.7,9.0,6,団野大成,56,芝2600,重,**,2:45.0,1.4,**,1-1-1-1,37.1-38.5,39.9,448(-2),,,ワセダインブルー,
2019/11/23,5京都7,晴,7,3歳以上1勝クラス,,16,8,16,204.1,12.0,4,団野大成,52,芝2000,良,**,2:01.9,0.3,**,1-1-1-1,36.7-36.7,37.0,450(+8),,,ダノンバリアント,110.0
2019/10/26,3新潟5,曇,9,3歳以上1勝クラス,,11,4,4,133.3,10.0,11,松田大作,55,ダ1800,重,**,1:53.7,2.2,**,4-5-7-9,35.6-38.2,39.7,442(+4),,,レシプロケイト,
2019/10/05,4京都1,晴,8,3歳以上1勝クラス,,12,6,7,100.9,11.0,11,松田大作,55,ダ1800,稍,**,1:54.9,2.3,**,2-2-2-2,36.5-38.7,40.9,438(+2),,,センスオブワンダー,
2019/07/14,3中京6,小雨,8,3歳以上1勝クラス,,16,1,1,20.2,7.0,15,Ｍ．デム,54,ダ1900,重,**,1:59.7,3.8,**,4-3-8-10,29.7-35.9,38.7,436(-2),,,ロードリバーサル,
2019/06/02,3阪神2,曇,6,3歳未勝利,,14,8,14,12.6,7.0,1,斎藤新,53,ダ2000,良,**,2:09.0,-0.1,**,1-1-1-1,37.1-39.6,39.6,438(0),,,(レイジングブレイズ),500.0
2019/05/18,3京都9,曇,2,3歳未勝利,,16,3,5,13.6,4.0,7,松田大作,56,ダ1900,良,**,2:04.3,0.8,**,6-6-8-8,30.6-38.9,39.2,438(+4),,,イグナーツ,
2019/03/24,2中京6,晴,3,3歳未勝利,,16,3,5,6.2,5.0,14,松田大作,56,ダ1800,良,**,1:58.8,3.0,**,7-8-13-13,38.5-37.4,39.4,434(-4),,,ハギノアトラス,
2019/03/10,2中京2,小雨,3,3歳未勝利,,13,5,6,13.9,6.0,2,松田大作,56,ダ1900,良,**,2:02.9,0.0,**,2-2-2-2,31.4-37.9,37.9,438(-4),,,スペースクラフト,200.0
2019/01/26,1中京3,晴,3,3歳未勝利,,11,5,5,12.3,4.0,3,松田大作,56,ダ1900,良,**,2:04.2,1.2,**,2-2-2-2,31.1-38.9,39.8,442(0),,,キャメロン,130.0
2019/01/13,1京都4,晴,1,3歳未勝利,,16,5,10,45.6,10.0,4,松田大作,56,ダ1800,良,**,1:56.2,1.3,**,2-4-4-4,37.1-39.2,40.0,442(0),,,ヒミノブルー,75.0
2018/11/03,5京都1,晴,4,2歳未勝利,,9,7,7,108.6,7.0,7,松田大作,55,芝2000,良,**,2:04.2,2.3,**,2-3-6-7,36.8-35.8,37.4,442(+2),,,カントル,
2018/10/07,4京都2,晴,5,2歳新馬,,10,4,4,147.3,10.0,4,松田大作,55,芝2000,良,**,2:06.7,1.0,**,3-3-4-4,39.1-35.3,36.0,440(0),,,エングレーバー,110.0
2022/07/10,盛岡,曇,2,C2十組,,7,6,6,2.3,1.0,5,小林凌,56,ダ1200,重,**,1:15.3,0.5,**,6-5,0.0-38.2,37.8,464(-1),,,アンズビジン,1.5
2022/07/03,盛岡,晴,5,C2十組,,8,6,6,9.9,3.0,3,塚本涼人,56,ダ1200,良,**,1:15.2,1.0,**,3-3,0.0-37.1,37.7,465(-4),,,トキノノゾミ,6.0
2022/05/08,水沢,曇,4,C2九組,,9,3,3,6.6,3.0,2,小林凌,56,ダ1300,良,**,1:26.9,1.4,**,3-5-3-2,0.0-40.3,41.3,469(+1),,,ゴーフォーゴールド,10.5
2022/05/01,水沢,雨,2,C2十組,,7,6,6,2.7,1.0,5,小林凌,56,ダ1300,不,**,1:24.0,0.1,**,3-3-3-4,0.0-39.9,39.8,468(+2),,,トップシークレット,1.5
2022/04/17,水沢,晴,2,C2十一組,,8,8,8,5.0,3.0,4,小林凌,56,ダ1300,重,**,1:24.3,1.0,**,1-1-1-2,0.0-38.8,39.8,466(+2),,,トラモンタン,3.0
2022/04/11,水沢,晴,4,C2七組,,9,6,6,3.8,2.0,7,小林凌,56,ダ1400,良,**,1:32.9,1.2,**,7-7-7-5,0.0-41.5,41.4,464(+3),,,クイーンシルビア,
2022/03/28,水沢,晴,4,C2七組,,8,7,7,50.4,5.0,3,小林凌,56,ダ1400,重,**,1:32.2,0.9,**,3-3-2-2,0.0-39.9,40.7,461(-1),,,エイシンスレイマン,6.0
2022/03/22,水沢,曇,1,C2四組,,9,8,8,21.9,5.0,7,小林凌,56,ダ1400,重,**,1:31.1,1.4,**,8-8-8-7,0.0-39.5,39.8,462(-2),,,フェザースピリット,
2022/03/13,水沢,雨,1,C2四組,,12,7,9,11.7,4.0,5,小林凌,56,ダ1400,稍,**,1:33.1,1.1,**,7-7-8-6,0.0-40.2,40.4,464(0),,,フェザーノユメ,1.5
2021/12/26,水沢,雪,10,ゴールデンジョッキー,,0,5,6,,,,高橋悠里,56,ダ1600,不,,,,,,,,計不,,,,
2021/12/13,水沢,雪,11,夢・希望未来へ前進,,10,8,10,196.3,9.0,6,小林凌,56,ダ1600,不,**,1:42.5,1.1,**,9-9-8-6,0.0-39.8,38.5,464(-1),,,アドマイヤホルン,
2021/11/30,水沢,晴,11,夢・希望未来へ前進,,12,5,5,81.1,10.0,9,七夕裕次,54,ダ1600,重,**,1:41.6,1.3,**,11-12-12-9,0.0-38.9,37.4,465(+5),,,アドマイヤホルン,
2021/11/15,盛岡,曇,12,夢・希望未来へ前進,,12,8,11,47.0,9.0,4,小林凌,56,ダ1800,不,**,1:56.5,0.5,**,11-10-6-3,0.0-37.7,37.8,460(+8),,,マラジェッツ,5.5
2021/11/02,盛岡,晴,11,ビオラ賞,,11,7,9,60.2,9.0,6,小林凌,56,ダ1600,不,**,1:40.3,0.8,**,7-6,0.0-38.9,38.2,452(-6),,,ジョリヴィサージュ,
2021/10/24,盛岡,晴,8,OROターフ特別(OP),,11,4,4,35.7,9.0,8,小林凌,56,芝1600,稍,**,1:39.7,1.8,**,9-8-10-9,0.0-37.2,36.1,458(+4),,,アーバンキッド,
2021/10/12,盛岡,曇,11,寒露特別,,11,8,11,324.4,11.0,6,小林凌,56,ダ1600,重,**,1:40.1,1.1,**,11-11,0.0-39.4,36.3,454(0),,,サンエイムサシ,
2021/09/28,盛岡,晴,11,秋分特別,,10,7,9,222.2,10.0,9,木村暁,56,ダ1600,良,**,1:43.9,2.7,**,10-9,0.0-40.2,40.3,454(+1),,,サンエイバラード,
2021/09/13,盛岡,晴,11,爽秋特別,,10,5,5,169.7,9.0,8,塚本涼人,56,ダ1600,良,**,1:44.0,2.1,**,9-9,0.0-39.4,39.3,453(+4),,,ドラセナ,
2021/08/16,盛岡,曇,12,竜胆特別,,12,5,5,108.4,12.0,9,塚本涼人,56,ダ1600,重,**,1:42.8,2.4,**,11-10,0.0-38.6,38.6,449(-1),,,マジョリティー,
2021/07/20,盛岡,晴,11,浜木綿特別,,11,2,2,64.9,10.0,11,岩本怜,56,ダ1600,良,**,1:44.8,3.3,**,11-11,0.0-39.3,39.9,450(-1),,,ラフレシアオジョー,
2021/07/05,盛岡,曇,12,かきつばた賞(OP),,11,1,1,142.5,11.0,7,陶文峰,56,芝1700,稍,**,1:45.4,1.5,**,10-10-10-8,0.0-37.5,37.4,451(+2),,,ロワアブソリュー,
2021/06/21,水沢,曇,11,薄暑特別,,11,6,6,123.1,11.0,11,岩本怜,56,ダ1600,良,**,1:47.9,3.8,**,10-10-11-11,0.0-40.6,42.6,449(+2),,,センティグレード,
2021/06/06,水沢,晴,11,早池峰スーパースプリ(G),,10,2,2,142.3,9.0,10,陶文峰,57,ダ850,良,**,0:52.8,2.8,**,10-10,0.0-35.5,36.5,447(+3),,,キラットダイヤ,
2021/05/24,水沢,曇,12,青葉特別,,10,2,2,47.0,9.0,10,陶文峰,56,ダ1600,稍,**,1:44.3,2.7,**,7-8-8-8,0.0-38.7,40.2,444(+3),,,アドマイヤロマン,
2021/04/13,金沢,曇,10,宇出津曳山祭特別,,6,6,6,93.7,6.0,6,兼子千央,55,ダ1700,良,**,1:53.1,4.3,**,6-6-6-6,0.0-38.2,39.4,441(-4),,,エイシンレーザー,
2021/03/28,金沢,雨,9,能登雪割草特別,,9,8,8,149.3,9.0,8,兼子千央,54,ダ1700,重,**,1:52.7,4.3,**,9-9-9-9,0.0-38.1,39.8,445(-10),,,トップロイヤル,
2021/03/16,金沢,雨,11,春爛漫特別,,10,4,4,127.2,10.0,10,堀場裕充,56,ダ1700,重,**,1:52.5,5.0,**,10-10-10-10,0.0-38.4,40.3,455(0),,,ファストフラッシュ,
2021/02/22,浦和,晴,11,初音特別,,12,8,12,255.6,12.0,11,和田譲治,55,ダ1400,稍,**,1:30.9,1.6,**,12-12-12-12,37.4-38.9,38.1,455(-1),,,スガノファスリエフ,
2021/02/03,浦和,晴,12,立春特別,,12,1,1,54.2,7.0,12,和田譲治,57,ダ2000,稍,**,2:16.9,4.5,**,8-9-10-10,39.5-38.8,41.0,456(+1),,,エイシンボールディ,
2021/01/07,浦和,晴,12,初春特別,,12,6,7,70.2,8.0,9,中島良美,51,ダ1500,良,**,1:38.3,1.5,**,11-10-9-10,30.3-40.6,40.5,455(-3),,,パーソナルマキ,
2020/12/25,浦和,晴,10,クリスマス特別,,11,6,7,58.3,8.0,10,内田利雄,56,ダ1500,良,**,1:39.2,2.4,**,6-7-9-9,30.7-38.5,40.1,458(+5),,,レオチェックメイト,
2020/11/27,浦和,曇,10,ひいらぎ特別,,12,4,4,44.7,9.0,11,和田譲治,55,ダ1500,稍,**,1:38.2,2.6,**,12-12-12-12,31.0-38.8,38.9,453(-3),,,サバンナロード,
2020/09/27,2中京7,晴,8,3歳以上1勝クラス,,14,5,7,40.0,9.0,12,藤岡康太,57,芝2000,良,**,2:03.5,2.9,**,10-10-8-8,35.5-36.4,38.6,456(+4),,,ディアスティマ,
2020/09/05,2小倉7,曇,12,3歳以上1勝クラス,,12,4,4,10.6,6.0,7,藤岡康太,57,芝2600,良,**,2:42.7,1.2,**,4-4-4-4,37.8-36.2,36.9,452(-8),,,トウカイデュエル,
2020/08/16,2小倉2,晴,7,3歳以上1勝クラス,,11,1,1,14.7,5.0,6,藤岡康太,57,芝2000,良,**,1:59.7,0.6,**,4-4-4-3,34.5-36.4,36.7,460(+12),,,ダンディズム,
2020/01/19,1小倉2,曇,12,呼子特別(1勝クラス),,14,6,10,2.9,1.0,7,斎藤新,56,芝2600,重,**,2:45.0,1.4,**,7-6-2-3,37.1-38.5,39.7,448(+10),,,ワセダインブルー,
2019/11/17,3福島6,晴,8,3歳以上1勝クラス,,16,4,8,2.6,1.0,2,斎藤新,53,芝2600,良,**,2:41.6,0.2,**,5-5-3-3,37.1-37.8,36.7,438(+2),,,ノーチカルチャート,300.0
2019/11/02,3福島1,晴,10,磐梯山特別(1勝クラス),,13,8,13,15.3,8.0,2,斎藤新,55,芝2600,良,**,2:39.1,0.1,**,6-5-4-4,36.7-36.6,36.5,436(0),,,リードザフィールド,429.4
2019/08/11,1札幌6,晴,4,3歳未勝利,,14,6,9,3.3,1.0,1,藤岡佑介,56,芝2600,良,**,2:43.2,-0.2,**,4-4-4-1,35.5-36.6,36.3,436(+4),,,(ビッグバジェット),500.0
2019/06/23,3東京8,曇,4,3歳未勝利,,15,1,1,5.7,3.0,6,木幡巧也,55,芝2400,重,**,2:30.0,1.4,**,5-6-6-2,37.9-34.7,35.9,432(-6),,,グレイジャックマン,
2019/06/15,3阪神5,曇,6,3歳未勝利,,13,8,15,,,除,川田将雅,56,芝2400,稍,**,,,**,,37.1-36.9,,計不,,,メロディーレーン,
2019/05/26,3京都12,晴,3,3歳未勝利,,14,7,11,8.1,4.0,2,藤岡佑介,56,芝2400,良,**,2:27.3,0.3,**,4-5-2-2,34.3-35.1,35.3,438(+8),,,ゴットフルール,200.0
2019/04/28,3京都3,晴,4,3歳未勝利,,9,1,1,7.9,5.0,3,坂井瑠星,55,芝2400,良,**,2:28.8,0.4,**,2-3-3-3,36.9-34.9,35.0,430(0),,,ディスモーメント,130.0
2019/03/24,2阪神2,曇,6,3歳未勝利,,10,1,1,5.6,3.0,4,坂井瑠星,55,芝2400,良,**,2:32.5,0.4,**,5-5-6-7,38.3-34.7,34.7,430(-6),,,ディバインフォース,75.0
2019/03/10,2中京2,小雨,3,3歳未勝利,,13,6,9,28.1,7.0,7,藤岡康太,56,ダ1900,良,**,2:04.5,1.6,**,9-9-7-7,31.4-37.9,39.1,436(0),,,スペースクラフト,
2019/02/24,1小倉6,晴,1,3歳未勝利,,16,8,16,12.3,6.0,5,藤岡康太,56,ダ1700,稍,**,1:48.6,1.1,**,4-5-4-4,30.6-39.0,39.6,436(-6),,,アノ,50.0
2018/12/15,5阪神5,曇,3,2歳未勝利,,18,8,16,40.8,8.0,9,浜中俊,55,芝1600,良,**,1:35.9,0.8,**,14-14,35.3-35.2,34.5,442(-2),,,ブリッツアウェイ,
2018/11/24,5京都7,晴,4,2歳未勝利,,8,7,7,101.0,7.0,5,浜中俊,55,芝1800,良,**,1:49.1,0.7,**,3-3,37.4-34.0,34.6,444(+4),,,サトノルークス,50.0
2018/11/04,5京都2,曇,5,2歳新馬,,8,4,4,36.7,7.0,6,戸崎圭太,55,芝2000,良,**,2:05.5,0.8,**,5-6-6-6,39.3-34.7,34.8,440(0),,,アルクス,
2021/01/31,1小倉6,晴,9,4歳以上1勝クラス,,12,1,1,15.6,7.0,7,菅原明良,54,芝2600,良,**,2:41.5,1.1,**,5-5-5-5,36.2-36.8,37.5,460(0),,,マイネルコロンブス,
2021/01/23,1小倉3,雨,9,4歳以上1勝クラス,,12,8,12,8.3,4.0,4,浜中俊,55,芝2600,稍,**,2:43.0,0.9,**,8-4-4-5,36.1-37.4,38.0,460(+6),,,ベスビアナイト,110.0
2020/10/25,4新潟6,晴,10,岩船特別(1勝クラス),,9,4,4,20.3,6.0,3,菅原明良,55,芝2200,重,**,2:18.7,0.7,**,3-4-5-5,38.5-36.2,36.6,454(+8),,,アルセスト,273.7
2020/08/16,3新潟2,曇,8,3歳以上1勝クラス,,9,7,7,10.5,5.0,7,石橋脩,55,芝2000,良,**,2:00.8,0.6,**,6-7,35.8-35.1,34.9,446(-4),,,フローズンスタイル,
2020/07/12,2福島4,雨,8,3歳以上1勝クラス,,14,3,4,7.4,4.0,5,レーン,55,芝2000,重,**,2:05.5,1.0,**,12-12-12-11,34.9-39.2,39.4,450(+6),,,ウイングセクション,76.0
2020/02/22,1小倉11,晴,9,4歳以上1勝クラス,,11,3,3,13.7,5.0,2,藤岡康太,54,芝2600,稍,**,2:45.4,0.3,**,8-9-5-3,36.4-39.0,38.8,444(-4),,,ウインレーヴドール,300.0
2020/01/19,1小倉2,曇,12,呼子特別(1勝クラス),,14,4,6,11.1,6.0,8,藤岡佑介,54,芝2600,重,**,2:45.0,1.4,**,4-5-5-7,37.1-38.5,39.5,448(+6),,,ワセダインブルー,
2019/10/26,3新潟5,曇,10,萬代橋特別(1勝クラス),,10,8,10,7.1,5.0,5,石川裕紀,52,芝2400,稍,**,2:29.5,0.5,**,6-6-5-7,37.4-36.7,36.5,442(-4),,,ピッツィカート,105.0
2019/08/25,2札幌4,曇,3,3歳未勝利,,14,3,3,52.4,8.0,3,ティータ,54,芝2600,稍,**,2:45.3,0.2,**,10-10-12-9,37.8-38.4,37.6,446(0),,,ラヴィアンレーヴ,130.0
2019/06/23,3東京8,曇,4,3歳未勝利,,15,5,8,28.7,8.0,14,大野拓弥,54,芝2400,重,**,2:31.6,3.0,**,15-15-15-14,37.9-34.7,36.2,446(0),,,グレイジャックマン,
2020/11/01,盛岡,曇,8,B2三組,,11,5,5,7.1,3.0,4,坂口裕一,56,ダ1600,良,**,1:41.1,0.6,**,10-7,0.0-39.7,38.7,481(+3),,,ブライトエンジェル,3.5
2020/10/17,盛岡,曇,7,B2六組,,9,1,1,3.3,2.0,1,南郷家全,56,ダ1600,良,**,1:41.2,-0.4,**,9-5,0.0-38.1,37.2,478(+5),,,(アロースコルトン),35.0
2020/10/05,盛岡,晴,7,B2九組,,9,6,6,2.0,1.0,3,南郷家全,56,ダ1600,良,**,1:40.7,0.6,**,5-5,0.0-39.2,38.8,473(+2),,,ホワイトサクセス,5.6
2020/09/22,盛岡,曇,8,B2七組,,10,7,7,4.7,3.0,5,南郷家全,56,ダ1600,良,**,1:42.9,0.8,**,8-8,0.0-40.7,39.5,471(+2),,,シャイニーキャット,2.1
2020/08/30,水沢,曇,7,C2五組六組,,6,2,2,5.2,2.0,1,南郷家全,56,ダ1400,良,**,1:31.8,-0.1,**,6-5-3-3,0.0-40.9,39.8,469(-8),,,(アロースコルトン),25.0
2020/08/15,盛岡,曇,8,C2,,9,2,2,4.0,2.0,4,高松亮,56,ダ1600,稍,**,1:40.9,2.9,**,8-4,0.0-36.7,36.8,477(-2),,,バジガクアリア,2.5
2020/08/02,盛岡,晴,7,C2四組,,7,6,6,1.4,1.0,3,高松亮,56,ダ1400,良,**,1:28.0,0.8,**,6-5,0.0-37.9,37.8,479(-2),,,ネオヴァリアント,4.0
2020/07/19,盛岡,曇,8,C2,,7,7,7,4.5,3.0,2,高松亮,56,ダ1600,不,**,1:38.5,0.0,**,3-3,0.0-37.2,36.7,481(+8),,,ウインシンフォニア,7.0
2020/07/05,水沢,曇,6,C2,,9,8,8,3.4,2.0,2,高松亮,56,ダ1600,重,**,1:44.4,0.4,**,8-8-4-5,0.0-39.5,38.8,473(0),,,ウインシンフォニア,7.0
2020/06/21,水沢,晴,7,C2,,12,3,3,2.8,1.0,4,高松亮,56,ダ1600,良,**,1:47.8,0.2,**,7-7-10-5,0.0-40.6,40.1,473(-5),,,グランドバローズ,2.5
2020/06/01,盛岡,晴,5,C2七組,,10,7,7,2.5,1.0,3,高松亮,56,ダ1200,良,**,1:14.9,0.6,**,10-10,0.0-38.1,37.0,478(-8),,,ミラノボヴィッチ,4.0
2020/01/19,1小倉2,曇,12,呼子特別(1勝クラス),,14,5,8,184.9,14.0,9,丸田恭介,57,芝2600,重,**,2:45.4,1.8,**,13-13-12-10,37.1-38.5,38.6,486(+8),,,ワセダインブルー,
2019/11/02,3福島1,晴,10,磐梯山特別(1勝クラス),,13,6,8,282.0,13.0,13,菊沢一樹,57,芝2600,良,**,2:42.1,3.1,**,13-13-13-13,36.7-36.6,37.4,478(+2),,,リードザフィールド,
2019/10/19,3新潟3,雨,10,岩船特別(1勝クラス),,11,5,5,33.0,10.0,11,藤田菜七,57,芝2200,稍,**,2:18.8,3.1,**,10-10-11-11,36.4-36.5,37.8,476(+4),,,サンアップルトン,
2019/08/24,2札幌3,曇,12,ニセコ特別(1勝クラス),,11,7,9,159.4,11.0,10,勝浦正樹,57,ダ1700,重,**,1:46.5,1.6,**,11-11-8-8,29.1-37.8,38.7,472(-2),,,ホウオウライジン,
2019/08/04,1札幌4,晴,7,3歳以上1勝クラス,,9,5,5,58.3,8.0,6,勝浦正樹,57,芝2600,良,**,2:43.2,1.6,**,7-7-8-8,38.1-35.1,36.0,474(-4),,,ボスジラ,
2019/07/20,2函館5,曇,7,3歳以上1勝クラス,,10,2,2,26.2,7.0,5,勝浦正樹,57,ダ2400,良,**,2:38.5,0.9,**,6-7-7-6,40.3-37.2,37.1,478(+2),,,ジャカンドジョー,75.0
2019/06/30,1函館6,小雨,9,3歳以上1勝クラス,,11,7,8,40.4,11.0,9,勝浦正樹,57,芝2600,稍,**,2:42.7,0.6,**,11-11-9-9,36.5-37.4,37.4,476(-6),,,コロンバスデイ,
2019/06/15,1函館1,曇,10,駒ケ岳特別(1勝クラス),,8,4,4,36.7,6.0,5,勝浦正樹,57,芝2600,良,**,2:43.4,0.2,**,5-5-6-7,38.6-35.7,35.5,482(+8),,,ジャディード,105.0
2019/04/29,1新潟2,晴,8,4歳以上500万下,,11,8,11,230.9,11.0,8,西田雄一,57,芝2400,良,**,2:28.6,0.8,**,10-10-10-10,35.5-37.2,35.5,474(+6),,,コロンバスデイ,
2019/04/14,1福島4,晴,5,障害4歳以上未勝利,,13,4,5,127.1,13.0,13,大庭和弥,59,障2750,良,,3:07.0,6.6,,13-13-13-13,106.1-38.1,13.6,468(-8),,,マイネルレオーネ,
2019/03/17,2中京4,曇,4,障害4歳以上未勝利,,14,2,2,83.7,11.0,14,大庭和弥,59,障3000,良,,3:26.6,7.1,,14-14-14-14,106.0-39.1,13.8,476(-6),,,ダンツペンダント,
2018/11/18,3福島6,晴,9,3歳以上500万下,,16,3,5,129.8,15.0,8,木幡巧也,54,芝2600,良,**,2:41.2,1.3,**,16-15-15-13,36.4-36.2,36.4,482(+2),,,ヒラボクビューン,
2018/10/27,3新潟5,曇,6,3歳以上500万下,,15,2,3,69.7,14.0,11,菊沢一樹,52,ダ2500,稍,**,2:45.2,2.0,**,13-13-12-10,31.3-37.9,38.7,480(+8),,,ユイノシンドバッド,
2018/10/13,3新潟1,晴,6,3歳以上500万下,,12,5,5,35.9,10.0,7,菊沢一樹,52,ダ2500,重,**,2:43.8,1.8,**,10-10-11-10,31.0-39.0,38.9,472(-2),,,オワゾードール,
2018/09/30,4中山9,曇,6,3歳以上500万下,,16,7,14,172.1,13.0,9,菊沢一樹,52,ダ1800,不,**,1:52.3,1.3,**,16-16-15-14,35.9-38.0,36.9,474(+4),,,エジステンツァ,
2018/09/15,4中山3,曇,12,3歳以上500万下,,12,4,4,227.8,12.0,8,内田博幸,54,ダ1800,稍,**,1:56.0,1.5,**,9-9-11-12,39.9-36.5,37.0,470(+4),,,サイドチェンジ,
2018/09/01,2新潟11,小雨,6,3歳未勝利,,15,3,4,80.2,11.0,8,岩部純二,56,ダ1800,不,**,1:55.0,2.4,**,15-15-14-14,36.9-38.0,38.0,466(-6),,,ダンスメーカー,
2018/08/05,2新潟4,曇,3,3歳未勝利,,15,2,2,23.7,6.0,6,内田博幸,56,ダ1800,良,**,1:57.0,1.4,**,12-12-13-13,37.9-38.6,38.6,472(+4),,,ラスティユース,
2018/07/14,2福島5,晴,3,3歳未勝利,,15,8,15,42.2,9.0,4,森泰斗,56,ダ1700,稍,**,1:49.0,1.0,**,8-12-10-9,31.0-38.2,38.3,468(-12),,,オーケストラ,75.0
2018/06/24,3東京8,曇,2,3歳未勝利,,14,2,2,68.0,13.0,9,江田照男,56,ダ2100,不,**,2:13.8,1.9,**,11-11-12-12,31.2-36.4,37.2,480(0),,,ユメノサキ,
2018/06/03,3東京2,晴,3,3歳未勝利,,16,5,9,20.6,9.0,14,江田照男,56,ダ1600,良,**,1:41.4,3.4,**,8-10,35.3-37.1,39.6,480(+2),,,トーホウフライト,
2018/05/13,2東京8,曇,2,3歳未勝利,,15,8,16,8.5,4.0,4,江田照男,56,ダ1600,良,**,1:40.3,0.6,**,11-10,35.5-38.4,37.8,478(0),,,ノーザンクリス,75.0
2018/04/07,3中山5,曇,2,3歳未勝利,,14,8,13,7.2,3.0,中,田中勝春,56,ダ1800,良,**,,,**,9-9-6-6,36.7-40.8,,478(-2),,,カガスター,
2018/03/25,3中山2,晴,3,3歳未勝利,,15,5,9,96.1,13.0,3,田中勝春,56,ダ1800,稍,**,1:56.2,1.5,**,13-13-11-9,37.8-39.4,39.6,480(0),,,ゲンパチカイナル,130.0
2018/03/04,2中山4,晴,1,3歳未勝利,,16,1,2,346.9,15.0,9,田中勝春,56,ダ1800,良,**,1:58.8,1.6,**,16-16-15-14,37.7-40.1,39.1,480(0),,,ハービンマオ,
2018/01/20,1中山6,曇,4,3歳新馬,,16,4,8,80.9,15.0,13,田中勝春,56,ダ1200,稍,**,1:17.1,4.3,**,16-16,34.7-38.1,38.3,480(0),,,トラストテッペン,
2023/06/25,高知,曇,7,C1ー3,,10,8,10,11.1,5.0,9,木村直輝,56,ダ1400,重,**,1:33.5,3.1,**,9-9-9-10,0.0-39.8,41.8,479(+5),,,ヴィータファン,
2023/05/06,2東京5,晴,9,秩父特別(2勝クラス),,9,8,9,248.8,8.0,6,永野猛蔵,58,芝2000,良,**,2:01.1,1.2,**,4-5-6,36.7-34.0,34.6,474(+6),,,ボーンディスウェイ,
2023/02/26,2小倉6,晴,10,八代特別(2勝クラス),,18,6,12,190.9,15.0,15,小林凌大,58,芝2000,良,**,2:03.6,2.1,**,7-5-8-10,35.9-36.4,37.9,468(-10),,,ハーランズハーツ,
2023/01/21,1中山7,晴,10,東雲賞(2勝クラス),,9,2,2,148.9,8.0,8,秋山稔樹,54,芝1800,稍,**,1:49.4,0.5,**,2-2-3-4,37.6-35.7,36.0,478(+6),,,ゴーゴーユタカ,
2022/12/28,6阪神9,晴,10,フォーチュンC(2勝クラス),,14,5,7,212.0,13.0,11,荻野極,57,芝2000,良,**,2:01.4,1.7,**,2-2-2-2,36.3-35.4,37.0,472(-2),,,ブルーロワイヤル,
2022/07/02,1函館7,曇,10,洞爺湖特別(2勝クラス),,10,6,6,44.2,9.0,10,小林凌大,57,芝1800,稍,**,1:50.4,1.5,**,7-8-9-10,36.1-36.1,36.5,474(+8),,,クライミングリリー,
2022/06/11,1函館1,晴,10,北海ハンデキャップ(2勝クラス),,16,4,8,127.4,15.0,2,丹内祐次,53,芝1800,良,**,1:47.2,0.2,**,9-9-10-12,36.0-35.0,34.5,466(-6),,,メモリーレゾン,609.6
2022/04/10,3中山6,晴,9,鹿野山特別(2勝クラス),,12,7,9,225.0,12.0,9,永野猛蔵,57,芝2000,良,**,2:00.9,1.7,**,9-8-9-7,35.1-34.7,35.6,472(0),,,ゾンニッヒ,
2022/03/27,3中山2,曇,8,4歳以上2勝クラス,,11,6,6,207.1,11.0,8,横山琉人,54,芝1800,重,**,1:50.4,1.6,**,3-4-5-6,37.4-35.8,36.8,472(-2),,,ヒルノダカール,
2022/02/06,1小倉8,晴,10,由布院特別(2勝クラス),,16,8,16,119.9,15.0,16,秋山稔樹,53,ダ1700,良,**,1:50.9,5.1,**,5-6-9-16,29.7-37.7,42.1,474(+4),,,ラボエーム,
2021/12/04,6阪神1,曇,9,再度山特別(2勝クラス),,9,1,1,100.2,8.0,8,和田竜二,53,芝1800,良,**,1:48.4,1.3,**,5-5,36.3-34.3,34.8,470(-2),,,オヌール,
2021/11/14,5東京4,晴,8,3歳以上2勝クラス,,10,8,9,67.0,8.0,8,松田大作,57,芝1800,良,**,1:48.5,1.5,**,8-9-9,36.4-35.1,35.2,472(+8),,,クロワドフェール,
2021/10/31,4阪神8,曇,8,3歳以上2勝クラス,,11,6,6,112.2,10.0,10,角田大和,54,芝1800,良,**,1:47.7,1.1,**,5-4,36.6-33.7,34.0,464(-10),,,ギャラントウォリア,
2021/10/09,5新潟1,晴,11,村上特別(2勝クラス),,8,2,2,21.8,5.0,7,小林凌大,57,芝1800,良,**,1:48.5,1.0,**,7-7,36.9-33.3,33.5,474(+14),,,アイコンテーラー,
2021/08/29,2札幌6,晴,12,支笏湖特別(2勝クラス),,13,7,11,81.3,11.0,6,松田大作,57,芝1800,良,**,1:48.8,1.2,**,4-5-5-5,36.3-35.7,36.5,460(0),,,ラヴユーライヴ,
2021/08/08,1函館12,曇,9,松前特別(2勝クラス),,12,2,2,33.2,6.0,5,坂井瑠星,57,芝1800,良,**,1:49.4,0.9,**,4-4-4-4,36.6-36.4,36.8,460(0),,,テーオーラフィット,150.0
2021/07/03,1函館1,晴,12,洞爺湖特別(2勝クラス),,11,4,4,28.7,8.0,8,坂井瑠星,57,芝1800,良,**,1:47.6,0.6,**,8-8-8-8,35.2-35.4,34.9,460(-6),,,サトノセシル,
2021/06/27,1札幌6,晴,10,ライラック賞(2勝クラス),,10,8,10,15.1,7.0,6,小林凌大,57,芝2000,良,**,2:00.5,0.5,**,9-8-8-8,35.3-37.5,36.3,466(+2),,,ココニアル,
2021/06/12,1札幌1,晴,12,HTB賞(2勝クラス),,11,3,3,15.0,8.0,4,小林凌大,54,芝1800,良,**,1:47.2,0.3,**,4-6-8-8,36.3-34.7,34.3,464(-6),,,マイエンフェルト,230.0
2021/05/09,2新潟2,晴,9,4歳以上1勝クラス,,14,5,7,23.1,8.0,1,小林凌大,54,芝1800,良,**,1:48.1,-0.2,**,9-10,34.8-37.4,36.5,470(-4),,,(ナムラドン),760.0
2021/02/28,2小倉6,晴,12,鳥栖特別(1勝クラス),,12,2,2,14.6,6.0,6,西村淳也,57,芝1800,稍,**,1:49.9,1.0,**,2-5-7-6,38.3-36.3,36.4,474(-2),,,ニホンピロスクーロ,
2021/02/13,2小倉1,晴,10,唐戸特別(1勝クラス),,10,3,3,16.7,7.0,6,菱田裕二,57,芝1800,良,**,1:49.3,0.5,**,7-7-10-9,36.3-37.4,34.7,476(-12),,,ワールドスケール,
2021/01/23,1中山7,雨,12,4歳以上1勝クラス,,16,6,11,25.5,11.0,14,石川裕紀,57,芝2200,重,**,2:23.3,3.0,**,5-5-9-15,38.4-37.9,40.2,488(+12),,,マイネルミュトス,
2020/12/05,3中京1,晴,12,栄特別(1勝クラス),,18,1,2,16.5,5.0,7,斎藤新,57,芝2000,良,**,2:00.5,0.7,**,17-16-16-13,35.8-35.3,34.8,476(+6),,,モーソンピーク,
2020/11/08,3福島4,晴,10,高湯温泉特別(1勝クラス),,14,7,12,13.9,4.0,3,菱田裕二,57,芝1800,良,**,1:50.0,0.4,**,7-8-5-4,37.0-35.4,35.5,470(+6),,,カレンシュトラウス,275.8
2020/08/29,2札幌5,小雨,7,3歳以上1勝クラス,,14,6,10,14.4,5.0,3,坂井瑠星,57,芝1800,良,**,1:49.1,0.1,**,8-8-8-6,36.1-37.2,36.0,464(-10),,,ヒナノコバン,190.0
2020/08/22,2札幌3,晴,10,富良野特別(1勝クラス),,10,8,10,99.6,10.0,4,坂井瑠星,57,芝2000,良,**,2:01.4,0.5,**,6-6-5-2,35.7-36.9,36.8,474(+12),,,アルテラローザ,160.0
2020/02/16,1小倉10,曇,12,唐戸特別(1勝クラス),,10,7,7,43.2,8.0,10,西村淳也,57,芝2000,重,**,2:08.6,3.2,**,6-6-8-10,37.1-37.6,39.9,462(-8),,,アーデントリー,
2020/02/02,1小倉6,晴,12,宝満山特別(1勝クラス),,11,3,3,38.5,8.0,6,丹内祐次,57,芝2000,稍,**,2:04.6,1.6,**,3-4-5-4,36.4-37.2,38.4,470(-4),,,ダディーズトリップ,
2020/01/19,1小倉2,曇,12,呼子特別(1勝クラス),,14,1,1,43.9,10.0,10,丹内祐次,57,芝2600,重,**,2:47.5,3.9,**,9-10-9-8,37.1-38.5,41.4,474(-4),,,ワセダインブルー,
2019/11/30,4中京1,晴,12,長良川特別(1勝クラス),,16,5,10,21.7,8.0,15,藤田菜七,57,芝2200,良,**,2:15.4,1.7,**,14-14-14-15,35.6-34.6,35.1,478(+2),,,ニューポート,
2019/11/16,3福島5,曇,7,3歳以上1勝クラス,,16,7,14,32.3,11.0,6,小林凌大,54,芝1800,良,**,1:48.6,0.7,**,10-12-13-15,35.8-36.0,35.4,476(-18),,,ペガーズ,
2019/10/15,門別,晴,12,競馬場de門別ししゃ,,9,4,4,2.1,1.0,1,服部茂史,56,ダ1200,重,**,1:14.2,-0.4,**,2-1,0.0-37.4,37.3,494(-6),,,(タイキリヴェール),55.0
2019/10/01,門別,晴,11,とねっこの湯20周年,,10,5,5,4.3,2.0,3,服部茂史,56,ダ1700,良,**,1:51.2,1.5,**,8-8-8-7,0.0-39.4,38.2,500(+4),,,ワンポイント,6.8
2019/03/01,名古屋,晴,12,本宮山特別,,11,5,5,1.4,1.0,1,戸部尚実,56,ダ1600,重,**,1:45.3,-1.0,**,1-1-1,0.0-41.1,41.1,496(-10),,,(リーゼロッテ),30.0
2019/02/15,名古屋,曇,6,C3組,,10,3,3,2.4,2.0,1,戸部尚実,56,ダ1400,良,**,1:30.7,-0.6,**,1-1-1,0.0-38.5,38.5,506(+32),,,(アイファーショコラ),23.0
2018/09/08,4中山1,晴,6,3歳未勝利,,16,7,14,17.6,7.0,6,三浦皇成,56,芝1600,良,**,1:34.4,0.3,**,6-6-4,35.1-35.5,35.4,474(-2),,,ラティカ,
2018/08/04,2新潟3,晴,6,3歳未勝利,,18,8,17,10.4,3.0,12,北村宏司,56,芝2200,良,**,2:14.5,1.5,**,4-4-3-3,35.6-35.2,36.4,476(-6),,,ウインスラーヴァ,
2018/04/14,3中山7,曇,4,3歳未勝利,,18,6,12,8.4,5.0,3,三浦皇成,56,芝2000,良,**,2:02.8,0.4,**,1-1-1-1,37.1-34.8,35.2,482(-2),,,シゲルシイタケ,130.0
2018/02/12,1東京6,晴,4,3歳未勝利,,16,1,2,4.3,2.0,7,松田大作,56,芝2400,良,**,2:31.0,0.8,**,3-3-4-6,38.4-35.3,35.8,484(-2),,,トラストケンシン,
2018/01/27,1東京1,晴,4,3歳未勝利,,16,2,3,10.8,5.0,2,松田大作,56,芝2400,稍,**,2:29.8,0.0,**,5-2-2-4,37.6-35.6,35.3,486(-2),,,ギャラッド,200.0
2018/01/06,1京都1,晴,6,3歳新馬,,15,7,13,25.8,6.0,5,松田大作,56,芝2000,良,**,2:05.4,0.6,**,3-2-3-3,38.6-34.9,35.3,488(0),,,サトノフェイバー,60.0
2023/07/02,佐賀,曇,5,チャレンジシリーズ,,10,6,6,14.0,5.0,2,青海大樹,51,ダ1400,不,**,1:31.4,0.5,**,3-3-2-2,0.0-39.6,40.0,440(-4),,,オーソーラヴリー,11.2
2023/06/19,佐賀,晴,4,C2ー7組,,12,3,3,13.8,6.0,5,中山蓮王,52,ダ1400,良,**,1:33.3,0.7,**,5-4-4-4,0.0-40.1,40.6,444(+4),,,アレンシュタイン,2.8
2023/06/05,佐賀,曇,5,C2ー8組,,11,8,10,11.2,5.0,8,金山昇馬,54,ダ1400,良,**,1:33.5,1.7,**,2-2-3-8,0.0-40.0,41.5,440(-1),,,コスモゴレアドール,
2023/05/21,佐賀,晴,3,C2ー13組,,10,6,6,6.0,3.0,1,金山昇馬,54,ダ1400,重,**,1:32.8,-0.4,**,3-3-2-2,0.0-40.0,39.7,441(+1),,,(スリック),35.0
2023/05/07,佐賀,雨,2,C2ー15組,,10,4,4,9.2,2.0,4,金山昇馬,54,ダ1300,不,**,1:26.9,0.3,**,2-3-3-3,0.0-40.9,41.0,440(-1),,,トプカプパレス,4.2
2023/04/22,佐賀,晴,6,KYUSHUDREA,,10,5,5,3.4,2.0,7,金山昇馬,54,ダ1300,良,**,1:28.2,3.0,**,3-4-4-4,0.0-38.9,41.2,441(+12),,,アルマスティング,
2023/04/01,佐賀,晴,5,C2ー17組,,10,6,6,2.6,2.0,2,金山昇馬,54,ダ1300,良,**,1:27.2,0.2,**,1-1-1-1,0.0-39.6,39.8,429(-1),,,スクリーンアピール,11.2
2023/03/09,大井,晴,1,C3四　五,,16,2,4,333.6,13.0,16,岡村健司,54,ダ1200,良,**,1:16.5,2.4,**,12-12,35.7-38.4,39.5,430(-2),,,ビックプーカオ,
2023/02/23,大井,曇,2,C3三　四五,,14,7,12,31.9,8.0,14,岡村健司,54,ダ1400,良,**,1:31.9,2.8,**,5-4-7,37.2-39.5,41.8,432(-8),,,エイシンユンケル,
2023/01/26,大井,晴,1,C3三　四,,15,8,16,76.6,10.0,9,御神本訓,54,ダ1200,良,**,1:16.1,1.5,**,9-9,36.6-38.0,38.9,440(-3),,,ディーカラーズ,
2022/12/27,大井,晴,7,C2九　十11,,14,8,14,11.8,6.0,8,和田譲治,54,ダ1400,稍,**,1:30.6,3.2,**,8-5-5,36.9-38.3,41.0,443(+3),,,ユーコバローズ,
2022/11/15,大井,曇,7,C2七　八九,,14,5,7,48.0,7.0,5,和田譲治,54,ダ1400,良,**,1:28.8,0.5,**,7-5-4,36.5-39.6,39.7,440(+8),,,エドノテーラー,10.0
2022/08/16,大井,曇,5,C2七　八九,,11,2,2,11.2,5.0,5,和田譲治,54,ダ1400,稍,**,1:29.8,0.5,**,4-4-3,38.9-37.5,37.7,432(+3),,,ブリリアントパーク,10.0
2022/07/26,大井,曇,11,C2八　九,,11,6,6,10.5,5.0,4,和田譲治,54,ダ1200,不,**,1:15.0,0.5,**,7-7,35.8-38.7,38.4,429(-9),,,ベニノフェアリー,15.0
2022/07/12,大井,曇,7,C2八　九,,9,4,4,9.7,4.0,8,和田譲治,54,ダ1600,良,**,1:44.1,1.7,**,2-2-2-2,38.3-39.0,40.7,438(+1),,,ポシーブレ,
2022/06/30,大井,晴,6,C2四　五,,16,3,6,23.4,10.0,9,和田譲治,54,ダ1200,良,**,1:14.1,0.5,**,13-13,35.4-38.2,37.4,437(+3),,,キョウエイサニー,
2022/06/07,大井,雨,8,プリンセス・メリー賞,,13,2,2,4.1,2.0,2,和田譲治,54,ダ1400,不,**,1:29.5,0.4,**,4-4-4,37.2-39.4,39.6,434(+2),,,ブレイヴサウンド,40.0
2022/05/24,大井,晴,5,C2九　十,,16,5,9,23.5,9.0,4,和田譲治,54,ダ1200,稍,**,1:14.3,1.4,**,7-6,35.4-37.5,37.7,432(-4),,,ビーアップ,12.5
2022/05/10,大井,晴,9,C2九　十,,16,8,15,49.5,10.0,6,和田譲治,54,ダ1200,稍,**,1:14.4,0.5,**,6-5,35.7-38.2,38.0,436(-1),,,ゴールデンボイス,
2022/04/20,大井,曇,8,カフェ・ド・パリ賞,,16,8,16,41.1,8.0,14,和田譲治,54,ダ1200,不,**,1:15.8,2.5,**,14-14,35.1-38.2,38.7,437(+7),,,コーリンジャッジ,
2021/12/06,水沢,曇,8,C1,,10,1,1,2.0,1.0,2,村上忍,54,ダ1400,不,**,1:27.4,0.0,**,1-1-1-1,0.0-38.8,38.8,430(-3),,,ツルオカサンデー,12.3
2021/11/22,盛岡,雨,7,アクアマリン賞,,11,6,6,2.6,2.0,1,村上忍,54,ダ1200,重,**,1:14.4,-0.2,**,1-1,0.0-38.0,38.0,433(+2),,,(ツルオカサンデー),35.0
2021/11/07,盛岡,晴,5,C1九組,,9,8,8,2.4,2.0,4,高橋悠里,54,ダ1400,稍,**,1:29.4,0.4,**,2-2,0.0-40.2,40.4,431(+6),,,コスモキルカス,3.5
2021/10/26,盛岡,雨,6,本麒麟賞,,10,7,7,4.1,2.0,2,高橋悠里,54,ダ1400,重,**,1:26.7,0.6,**,1-1,0.0-37.9,38.5,425(+6),,,ジュエルシーカー,10.2
2021/10/12,盛岡,曇,6,C2一組,,10,7,8,1.9,1.0,2,高橋悠里,54,ダ1400,重,**,1:27.1,0.1,**,4-3,0.0-38.8,38.4,419(-8),,,ペイシャマキアージ,10.2
2021/10/05,盛岡,曇,1,C2三組,,8,2,2,1.7,1.0,1,高橋悠里,54,ダ1400,良,**,1:27.6,-0.6,**,1-1,0.0-37.3,37.3,427(-14),,,(エラキス),29.0
2021/09/14,川崎,雨,12,薄賞,,13,8,12,19.7,7.0,6,和田譲治,54,ダ1500,重,**,1:37.3,1.4,**,8-8-6-8,30.6-39.3,39.9,441(-5),,,ミラクルベルン,
2021/08/29,川崎,曇,8,SPAT4で夏納め!,,12,7,10,17.7,6.0,10,中越琉世,54,ダ1400,良,**,1:32.2,1.6,**,4-8-11-12,38.7-39.6,39.7,446(-6),,,ティーケーメイト,
2021/07/30,川崎,曇,5,C2一　二三,,11,3,3,7.4,5.0,2,和田譲治,54,ダ1400,稍,**,1:31.7,0.1,**,8-6-8-6,39.2-40.0,39.0,452(+6),,,ホイップミルク,40.0
2021/07/06,川崎,曇,5,C2一　二三,,12,6,7,8.2,5.0,4,本田正重,54,ダ1400,重,**,1:32.7,0.6,**,8-8-8-7,39.3-40.4,39.9,446(-4),,,ピエナファリア,15.0
2021/06/17,川崎,晴,8,C1四　五,,12,7,10,18.6,6.0,4,本田正重,54,ダ1400,重,**,1:32.1,0.8,**,8-8-10-9,37.0-41.8,41.4,450(+7),,,トーセンシグナル,18.0
2021/05/26,川崎,晴,6,C1四　五六,,12,6,7,4.5,2.0,9,和田譲治,54,ダ1400,良,**,1:31.8,1.6,**,3-3-4-5,38.1-40.1,41.5,443(-2),,,フォートエリー,
2021/04/20,川崎,晴,8,C1四　五六,,12,6,7,6.4,3.0,6,和田譲治,54,ダ1400,稍,**,1:31.2,0.6,**,11-11-8-9,39.1-40.0,39.0,445(0),,,ギンザロッソ,
2021/03/29,浦和,晴,9,見沼区オープンガーデ,,12,4,4,12.1,2.0,2,和田譲治,54,ダ1400,重,**,1:29.7,0.8,**,2-1-2-2,36.6-39.3,40.1,445(+7),,,ザナイツ,38.5
2021/03/02,川崎,雨,12,胡蝶蘭賞,,14,6,10,17.7,4.0,11,中越琉世,53,ダ1500,稍,**,1:39.2,2.0,**,4-7-6-11,31.2-39.9,41.7,438(0),,,オレオレサララ,
2020/12/12,3中京3,曇,8,3歳以上1勝クラス,,16,7,14,83.3,11.0,9,団野大成,54,ダ1400,良,**,1:26.6,1.9,**,15-15,35.4-37.0,37.3,438(+2),,,メイショウマサヒメ,
2020/10/24,4新潟5,雨,10,十日町特別(1勝クラス),,16,3,5,195.4,15.0,11,西村淳也,55,芝1400,重,**,1:24.8,1.2,**,12-11,34.6-37.0,37.3,436(+12),,,アングルティール,
2020/08/29,2小倉5,晴,12,3歳以上1勝クラス,,13,4,5,84.6,12.0,10,北村友一,55,芝1800,良,**,1:48.9,1.9,**,5-5-6-6,36.4-35.3,36.2,424(-8),,,ラインオブダンス,
2020/08/23,2小倉4,晴,7,3歳以上1勝クラス,,18,1,2,65.6,14.0,10,幸英明,55,芝1200,稍,**,1:09.6,1.2,**,18-17,33.1-35.3,34.8,432(+12),,,エレヴァート,
2020/07/05,4阪神2,晴,8,3歳以上1勝クラス,,18,4,7,176.2,16.0,7,幸英明,55,芝1400,稍,**,1:23.4,0.8,**,15-14,34.1-36.4,36.1,420(0),,,アンジュミニョン,
2020/05/24,3京都10,晴,8,4歳以上1勝クラス,,16,1,1,251.8,16.0,14,古川吉洋,55,芝1200,良,**,1:09.9,1.3,**,5-5,34.2-34.4,35.1,420(0),,,ジョニーズララバイ,
2020/05/03,1福島8,晴,8,4歳以上1勝クラス,,16,7,14,45.5,12.0,11,団野大成,53,芝1200,良,**,1:09.7,0.9,**,13-14,33.3-35.5,34.5,420(-4),,,ブラッディムーン,
2020/03/07,1中京3,晴,9,4歳以上1勝クラス,,10,1,1,44.2,9.0,10,亀田温心,52,ダ1800,良,**,1:58.1,3.6,**,9-9-10-10,38.7-39.1,41.3,424(-12),,,ハイエストクイーン,
2020/01/19,1小倉2,曇,12,呼子特別(1勝クラス),,14,7,12,58.8,11.0,11,藤田菜七,54,芝2600,重,**,2:49.1,5.5,**,4-6-12-12,37.1-38.5,42.4,436(+32),,,ワセダインブルー,
2019/09/08,4阪神2,晴,7,3歳以上1勝クラス,,10,7,7,55.7,8.0,10,斎藤新,49,芝2000,良,**,2:01.9,3.2,**,2-2-2-2,35.5-36.0,39.1,404(-10),,,サマーセント,
2019/08/18,2小倉8,曇,12,3歳以上1勝クラス,,14,7,12,45.7,10.0,10,大野拓弥,52,芝1800,良,**,1:49.8,1.0,**,7-7-6-8,36.7-35.5,35.7,414(+6),,,シーリア,
2019/06/15,3阪神5,晴,7,3歳以上1勝クラス,,10,6,8,53.6,9.0,10,西村淳也,50,芝1800,稍,**,1:51.8,2.2,**,8-8,38.0-33.8,35.3,408(-6),,,エスポワール,
2019/01/12,1京都3,曇,9,白梅賞(500万下),,15,8,15,197.0,15.0,15,岩田康誠,54,芝1600,良,**,1:39.0,3.6,**,4-7,34.9-35.8,39.1,414(0),,,エメラルファイト,
2018/09/30,4中山9,曇,9,サフラン賞(500万下),,10,6,6,38.3,7.0,9,石橋脩,54,芝1600,稍,**,1:37.1,1.4,**,5-7-7,37.1-34.1,35.0,414(+12),,,レッドアネモス,
2018/08/11,2小倉5,晴,2,2歳未勝利,,9,8,8,3.0,2.0,1,北村友一,54,芝1800,良,**,1:48.2,-0.4,**,2-2-2-2,36.1-36.1,35.8,402(-6),,,(トップウイナー),500.0
2018/07/01,3中京2,晴,5,2歳新馬,,8,1,1,24.4,7.0,3,松若風馬,54,芝1600,良,**,1:35.6,0.3,**,1-1-1,36.0-34.6,34.9,408(0),,,エイシンゾーン,180.0
2020/08/28,園田,晴,6,C2二,,10,7,8,4.0,2.0,4,田中学,56,ダ1400,稍,**,1:31.8,0.7,**,1-1-1-1,0.0-39.8,40.5,495(0),,,ピエナペリー,5.0
2020/08/07,園田,晴,2,C3,,6,3,3,2.4,1.0,1,田中学,56,ダ1700,良,**,1:56.0,-0.6,**,1-1-1-1,0.0-40.9,40.9,495(-6),,,(ウインブルーローズ),35.0
2020/07/17,園田,曇,3,C3,,8,6,6,11.6,5.0,3,大柿一真,56,ダ1700,稍,**,1:59.2,0.7,**,2-2-1-1,0.0-39.8,40.4,501(-5),,,ファイトプラス,4.9
2020/04/14,園田,晴,6,C2一,,10,3,3,22.3,4.0,10,田中学,56,ダ1400,稍,**,1:34.7,4.3,**,1-1-3-5,0.0-38.9,43.2,506(+8),,,タユウグロ,
2020/03/04,園田,雨,7,C2二,,9,7,7,2.5,1.0,9,田中学,56,ダ1400,不,**,1:32.7,3.4,**,3-4-6-9,0.0-38.2,41.3,498(+6),,,ランバート,
2020/01/19,1小倉2,曇,12,呼子特別(1勝クラス),,14,2,2,60.8,12.0,12,杉原誠人,56,芝2600,重,**,2:50.2,6.6,**,4-3-9-11,37.1-38.5,44.1,492(+2),,,ワセダインブルー,
2019/08/10,2新潟5,晴,6,3歳未勝利,,18,5,9,8.1,4.0,4,三浦皇成,56,芝1800,良,**,1:47.8,0.1,**,5-5,35.7-33.9,33.7,490(+2),,,ショウナンハルラ,75.0
2019/03/30,3中山3,曇,5,3歳未勝利,,15,8,15,3.3,2.0,10,大野拓弥,56,芝2000,良,**,2:03.9,1.4,**,2-2-2-2,37.0-35.7,37.0,488(-2),,,レッドサイオン,
2018/11/11,5東京4,晴,5,2歳新馬,,10,8,10,5.2,2.0,2,大野拓弥,55,芝2000,良,**,2:08.4,0.1,**,2-2-2,40.6-33.5,33.5,490(0),,,サトノラディウス,280.0
2020/09/13,盛岡,曇,7,C1十組,,9,8,8,6.3,4.0,7,山本政聡,56,ダ1400,良,**,1:31.1,1.7,**,4-4,0.0-40.0,41.6,509(+5),,,キンバリープロセス,
2020/07/28,盛岡,小雨,5,C2,,12,3,3,4.1,2.0,6,山本政聡,56,芝1600,不,**,1:41.6,2.2,**,1-2,0.0-37.9,40.1,504(-4),,,ティラール,
2020/07/19,盛岡,曇,8,C2,,7,4,4,1.9,1.0,4,山本政聡,56,ダ1600,不,**,1:39.9,1.4,**,1-2,0.0-37.2,38.6,508(+3),,,ウインシンフォニア,2.5
2020/06/07,盛岡,晴,7,C2,,11,4,4,1.8,1.0,2,山本政聡,56,ダ1600,良,**,1:42.2,0.2,**,1-1,0.0-40.0,40.2,505(-4),,,レオズジャスパー,7.0
2020/05/18,盛岡,曇,2,C2九組,,10,2,2,1.4,1.0,2,山本政聡,56,ダ1200,稍,**,1:14.1,0.3,**,5-2,0.0-38.6,38.4,509(+14),,,マルケイインパルス,7.0
2020/03/29,水沢,曇,6,C2七組,,10,8,9,1.8,1.0,2,関本淳,56,ダ1400,稍,**,1:33.3,0.1,**,6-5-2-2,0.0-41.7,41.4,495(-3),,,カハラレインボー,7.0
2020/01/19,1小倉2,曇,12,呼子特別(1勝クラス),,14,8,14,124.9,13.0,13,嶋田純次,56,芝2600,重,**,2:53.3,9.7,**,3-3-14-13,37.1-38.5,45.9,498(0),,,ワセダインブルー,
2019/05/04,2東京5,晴,4,3歳未勝利,,17,8,16,3.7,2.0,7,石橋脩,56,芝1600,良,**,1:34.5,1.1,**,12-8,34.2-36.1,35.7,498(+32),,,モズレジーナ,
2018/06/09,3東京3,晴,5,2歳新馬,,18,3,6,2.9,2.0,3,ルメール,54,芝1400,良,**,1:23.8,0.1,**,9-1,37.9-33.9,34.0,466(0),,,レノーア,180.0
2020/01/19,1小倉2,曇,12,呼子特別(1勝クラス),,14,3,3,5.2,2.0,中,勝浦正樹,56,芝2600,重,**,,,**,7-8-8,37.1-38.5,,460(+14),,,ワセダインブルー,
2019/11/09,3福島3,晴,8,3歳以上1勝クラス,,16,6,12,4.7,1.0,1,横山武史,54,芝2600,良,**,2:42.0,-0.1,**,2-2-2-2,38.3-36.5,36.5,446(-8),,,(カラミンサ),750.0
2019/08/25,2札幌4,曇,3,3歳未勝利,,14,6,9,2.4,2.0,5,川田将雅,56,芝2600,稍,**,2:45.5,0.4,**,5-4-2-2,37.8-38.4,38.7,454(+14),,,ラヴィアンレーヴ,50.0
2019/07/13,2函館3,曇,7,3歳未勝利,,11,3,3,2.2,1.0,2,岩田康誠,56,芝2600,良,**,2:43.3,0.1,**,4-4-5-3,37.2-36.8,36.5,440(-2),,,アルテヴェルト,200.0
2019/06/30,1函館6,小雨,6,3歳未勝利,,11,3,3,3.3,2.0,2,岩田康誠,56,芝2000,稍,**,2:02.7,0.0,**,4-4-3-3,34.7-37.3,36.8,442(-2),,,ハーツイストワール,200.0
2019/06/15,1函館1,曇,4,3歳未勝利,,14,7,13,4.1,2.0,3,岩田康誠,56,芝2000,良,**,2:00.5,0.0,**,12-11-11-8,34.6-36.7,35.7,444(-2),,,メガディスカバリー,130.0
2019/05/19,2東京10,晴,4,3歳未勝利,,11,3,3,13.0,5.0,2,石橋脩,56,芝2400,良,**,2:26.7,0.7,**,4-4-3-4,37.2-34.4,34.7,446(-10),,,オセアグレイト,200.0
2019/01/26,1東京1,晴,5,3歳未勝利,,15,3,5,15.8,7.0,4,石橋脩,56,芝2400,良,**,2:27.9,0.3,**,12-11-10-11,37.1-36.6,34.7,456(0),,,ピンシェル,75.0
2018/12/28,5中山9,晴,5,2歳新馬,,18,6,12,13.3,4.0,5,Ｃ．デム,55,芝2000,良,**,2:05.5,0.5,**,3-3-3-4,37.6-36.0,36.2,456(0),,,ジュピターズライト,70.0
